recno,HIP,HD,Name,GaiaDR3,RA_ICRS,DE_ICRS,ThetaLD,e_ThetaLD,Indirect,r_ThetaLD,GBSV1,GBSV2,Plx,e_Plx,o_Plx,Av,FbolAv0,e_FbolAv0,Fbol,e_Fbol,Teff,e_Teff,reTeff,Lum,e_Lum,Rad,e_Rad,MassB,e_MassB,MassS,e_MassS,logg,e_logg,[Fe/H],e_[Fe/H],Dnu,e_Dnu,r_Dnu,numax,e_numax,r_numax,loggSeis,e_loggSeis,RadSeis,e_RadSeis,MassSeis,e_MassSeis
1,"HIP101345","HD195564"," ",6904703228801028864,308.0987,-9.8534,0.712,0.03,,"2013ApJ...771...40B",,,40.42,0.05,G,0.013,15.7,0.097,15.607,0.086,5514,116,2.1,2.986,0.018,1.894,0.08,1.107,0.01,1.236,0.216,3.95,0.09,0.05,0.02,,,"                   ",,,"                   ",,,,,,
2,"HIP10234 ","HD13468 ","*  63 Cet",2494336311948357504,32.8993,-1.8254,0.886,0.01,,"2018A&A...616A..68G",,,8.62,0.04,G,0.024,12.449,0.773,12.499,0.802,4676,80,1.7,52.579,3.407,11.051,0.135,1.155,0.182,0.926,0.117,2.37,0.09,-0.13,0.03,,,"                   ",,,"                   ",,,,,,
3,"HIP102422","HD198149","* eta Cep",2195115561168483712,311.3224,61.8388,2.882,0.088,,"2016ApJS..227....4H",,,69.6,0.13,G,0.008,141.294,0.732,140.897,0.737,4751,73,1.5,9.091,0.058,4.452,0.136,0.982,0.04,1.06,0.068,3.15,0.05,-0.13,0.02,17.23,0.05,"2021ApJ...922...18O",228.0,2.0,"2021ApJ...922...18O",3.25,0.02,4.033,0.04,1.435,0.132
4,"HIP103598","HD200205"," ",2190891581091291520,314.8558,59.4386,2.032,0.043,,"2010ApJ...710.1365B",,,4.8,0.05,G,0.067,36.033,0.568,36.344,0.523,4032,45,1.1,493.052,12.486,45.515,1.074,0.932,0.098,1.574,0.088,1.2,0.06,-0.36,0.03,,,"                   ",,,"                   ",,,,,,
5,"HIP104214","HD201091","*  61 Cyg A",1872046609345556480,316.7247,38.7494,1.775,0.013,,"2008A&A...488..667K",1,1,285.99,0.06,G,0.0,39.248,1.025,39.236,1.058,4398,34,0.8,0.15,0.004,0.667,0.005,0.695,0.007,0.679,0.009,4.63,0.01,-0.13,0.03,,,"                   ",,,"                   ",,,,,,
6,"HIP104217","HD201092","*  61 Cyg B",1872046574983497216,316.7303,38.742,1.581,0.022,,"2008A&A...488..667K",1,1,286.01,0.03,G,0.0,25.154,0.891,25.256,0.907,4174,47,1.1,0.097,0.003,0.594,0.008,0.613,0.011,0.617,0.009,4.68,0.02,-0.21,0.07,,,"                   ",,,"                   ",,,,,,
7,"HIP104659","HD201891"," ",1787990525934491776,317.996,17.7277,0.273,0.004,1,"2016A&A...592A..70H",,1,29.91,0.02,G,0.023,3.3,0.002,3.303,0.002,6040,44,0.7,1.154,0.002,0.981,0.014,0.762,0.003,0.779,0.006,4.34,0.02,-1.02,0.01,,,"                   ",,,"                   ",,,,,,
8,"HIP106039","HD204381","*  b Cap",6828451375858909568,322.1808,-21.8072,1.524,0.017,,"2018A&A...616A..68G",,,17.47,0.18,G,0.018,51.636,0.46,51.455,0.499,5079,31,0.6,52.697,1.2,9.379,0.142,2.157,0.139,2.508,0.079,2.86,0.04,-0.11,0.05,,,"                   ",,,"                   ",,,,,,
9,"HIP108535","HD209369","*  16 Cep",2278918344568877056,329.8124,73.1799,0.621,0.017,,"2016A&A...586A..94L",,,27.23,0.07,G,0.022,26.588,0.159,26.722,0.147,6754,93,1.4,11.264,0.085,2.452,0.067,1.543,0.061,1.503,0.11,3.84,0.05,-0.24,0.1,,,"                   ",,,"                   ",,,,,,
10,"HIP108870","HD209100","* eps Ind",6412595290592307840,330.8402,-56.786,1.817,0.013,,"2020MNRAS.493.2377R",,,274.84,0.1,G,0.0,52.977,1.292,52.557,1.388,4676,35,0.7,0.217,0.006,0.711,0.005,0.722,0.007,0.726,0.012,4.59,0.01,-0.13,0.03,,,"                   ",,,"                   ",,,,,,
11,"HIP109176","HD210027","* iot Peg",1891598193816300544,331.7528,25.3451,1.206,0.053,,"2009ApJ...694.1085V",,,84.01,0.2,G,0.007,82.586,0.313,82.209,0.332,6419,141,2.2,3.641,0.023,1.543,0.068,1.243,0.03,1.218,0.032,4.15,0.06,-0.11,0.02,,,"                   ",,,"                   ",,,,,,
12,"HIP109937","HD211388","*   1 Lac",1907131544341497600,333.9924,37.7487,3.371,0.049,,"2018AJ....155...30B",,,4.81,0.13,G,0.132,123.04,3.247,124.423,3.205,4258,41,1.0,1680.929,100.653,75.351,2.312,4.562,0.249,5.668,0.178,1.39,0.05,-0.05,0.07,,,"                   ",,,"                   ",,,,,,
13,"HIP11095 ","HD15248 "," ",4643560452496180992,35.718,-73.6458,0.949,0.019,,"2018A&A...616A..68G",,,9.21,0.02,G,0.032,14.973,0.239,14.899,0.271,4721,52,1.1,54.901,1.025,11.078,0.223,1.327,0.148,2.237,0.134,2.59,0.06,0.06,0.05,,,"                   ",,,"                   ",,,,,,
14,"HIP111944","HD214868","*  11 Lac",1982252790090609152,340.1286,44.2763,2.731,0.02,,"2010ApJ...710.1365B",,,9.32,0.11,G,0.045,77.614,1.974,77.516,2.267,4203,34,0.8,278.93,10.483,31.505,0.438,1.077,0.114,1.62,0.138,1.56,0.06,-0.2,0.02,,,"                   ",,,"                   ",,,,,,
15,"HIP112440","HD215665","* lam Peg",1876331990259358976,341.6328,23.5657,2.26,0.1,,"1999AJ....118.3032N",,,8.6,0.32,G,0.055,94.084,1.18,93.948,1.344,4848,109,2.2,397.037,30.088,28.254,1.633,3.783,0.154,3.944,0.152,2.12,0.08,-0.07,0.06,,,"                   ",,,"                   ",,,,,,
16,"HIP112447","HD215648","* ksi Peg",2719475542667772416,341.6733,12.1729,1.091,0.008,,"2012ApJ...746..101B",,,60.92,0.17,G,0.009,59.529,0.136,59.431,0.155,6223,23,0.4,5.005,0.031,1.925,0.015,1.172,0.008,1.233,0.121,3.95,0.04,-0.27,0.02,,,"                   ",,,"                   ",,,,,,
17,"HIP112731","HD216174"," ",2003961238426647680,342.443,55.9028,1.598,0.012,,"2016AJ....152...66B",,,8.29,0.07,G,0.052,29.03,0.842,28.986,0.863,4297,36,0.8,131.833,4.511,20.725,0.234,0.87,0.015,0.902,0.053,1.75,0.03,-0.55,0.03,,,"                   ",,,"                   ",,,,,,
18,"HIP112748","HD216131","* mu. Peg",1876510592179455744,342.5008,24.6016,2.496,0.04,,"2003AJ....126.2502M",,,28.93,0.19,G,0.021,125.503,0.23,125.665,0.266,4961,40,0.8,46.931,0.624,9.276,0.161,1.962,0.056,2.483,0.084,2.85,0.03,-0.03,0.02,,,"                   ",,,"                   ",,,,,,
19,"HIP113357","HD217014","*  51 Peg",2835207319109249920,344.3666,20.7688,0.685,0.011,,"2013ApJ...771...40B",,,64.4,0.08,G,0.009,19.12,0.227,17.031,0.655,5746,72,1.3,1.284,0.049,1.144,0.018,1.005,0.023,1.055,0.025,4.33,0.02,0.18,0.01,,,"                   ",,,"                   ",,,,,,
20,"HIP114622","HD219134"," ",2009481748875806976,348.3207,57.1684,1.106,0.007,,"2012ApJ...757..112B",,,152.86,0.05,G,0.0,21.751,0.585,21.612,0.551,4800,34,0.7,0.289,0.007,0.778,0.005,0.777,0.004,0.779,0.008,4.55,0.01,0.06,0.02,,,"                   ",,,"                   ",,,,,,
21,"HIP114855","HD219449","* psi01 Aqr",2630155547353593216,348.9729,-9.0877,2.22,0.031,,"2018AJ....155...30B",,,22.09,0.13,G,0.016,75.118,4.285,75.458,3.967,4631,69,1.5,48.334,2.604,10.805,0.164,1.004,0.175,0.774,0.15,2.32,0.11,-0.03,0.01,,,"                   ",,,"                   ",,,,,,
22,"HIP114971","HD219615","* gam Psc",2658974606111711488,349.2914,3.2823,2.34,0.04,,"2015A&A...573A.138B",,,24.2,0.3,G,0.018,111.266,0.426,111.221,0.388,4970,43,0.9,59.36,1.486,10.396,0.22,1.35,0.314,0.87,0.099,2.44,0.12,-0.53,0.02,,,"                   ",,,"                   ",,,,,,
23,"HIP115227","HD220009","*   7 Psc",2661005953843811456,350.0858,5.3813,2.045,0.034,,"2015A&A...582A..49H",1,,9.09,0.12,G,0.058,43.967,2.784,44.437,2.856,4227,77,1.8,168.097,11.679,24.188,0.514,0.854,0.021,1.118,0.08,1.66,0.04,-0.66,0.04,,,"                   ",,,"                   ",,,,,,
24,"HIP115620","HD220572"," ",6498723334930624512,351.3311,-56.849,1.092,0.013,,"2018A&A...616A..68G",,,10.6,0.05,G,0.014,20.343,0.468,20.322,0.504,4756,41,0.9,56.532,1.501,11.076,0.142,1.392,0.149,2.356,0.203,2.61,0.06,0.08,0.08,,,"                   ",,,"                   ",,,,,,
25,"HIP115949","HD221170"," ",2869759781250083200,352.37,30.4327,0.596,0.005,,"2020A&A...640A..25K",,,1.84,0.02,G,0.306,4.304,0.009,4.354,0.01,4380,19,0.4,401.953,8.787,34.826,0.478,0.753,0.007,0.704,0.025,1.22,0.02,-2.1,0.04,,,"                   ",,,"                   ",,,,,,
26,"HIP116771","HD222368","* iot Psc",2756363608023588864,354.9877,5.6263,1.082,0.009,,"2012ApJ...746..101B",,,73.24,0.17,G,0.007,56.686,1.842,56.438,1.813,6169,56,0.9,3.289,0.107,1.588,0.014,1.135,0.035,1.113,0.015,4.09,0.02,-0.14,0.02,,,"                   ",,,"                   ",,,,,,
27,"HIP12114 ","HD16160 "," ",19316224572460416,39.0204,6.8868,1.03,0.007,,"2012ApJ...757..112B",,,138.34,0.32,G,0.0,15.756,0.963,15.587,1.006,4583,76,1.6,0.255,0.016,0.801,0.006,0.771,0.004,0.765,0.006,4.52,0.01,-0.13,0.02,,,"                   ",,,"                   ",,,,,,
28,"HIP12486 ","HD16815 ","* iot Eri",4951967794731342464,40.1668,-39.8554,2.248,0.014,,"2018A&A...616A..68G",,,22.29,0.11,G,0.011,83.448,1.278,83.48,1.231,4720,23,0.5,52.517,0.932,10.843,0.086,1.123,0.053,0.905,0.109,2.37,0.06,-0.36,0.04,,,"                   ",,,"                   ",,,,,,
29,"HIP12530 ","HD16765A","*  84 Cet",2498460442625153536,40.3083,-0.6957,0.497,0.007,,"2013ApJ...771...40B",,,44.87,0.04,G,0.01,13.059,0.209,13.04,0.199,6310,51,0.8,2.024,0.031,1.191,0.017,1.176,0.03,1.188,0.03,4.36,0.02,-0.02,0.05,,,"                   ",,,"                   ",,,,,,
30,"HIP12777 ","HD16895 ","* tet Per",438829629114680704,41.0499,49.2284,1.103,0.008,,"2012ApJ...746..101B",,,89.68,0.16,G,0.0,60.566,0.117,60.086,0.104,6206,23,0.4,2.335,0.009,1.322,0.01,1.168,0.004,1.161,0.008,4.26,0.01,0.01,0.01,,,"                   ",,,"                   ",,,,,,
31,"HIP13288 ","HD17824 ","* tau02 Eri",5127513656557144576,42.7597,-21.004,1.391,0.015,,"2018A&A...616A..68G",,,16.79,0.22,G,0.013,39.67,1.834,39.626,1.854,4980,64,1.3,43.936,2.356,8.907,0.151,2.08,0.12,2.457,0.065,2.89,0.03,-0.02,0.04,,,"                   ",,,"                   ",,,,,,
32,"HIP13328 ","HD17709 ","*  17 Per",140457735662620800,42.8785,35.0597,4.056,0.041,,"2003AJ....126.2502M",,,7.78,0.2,G,0.049,113.366,7.864,114.076,8.349,3799,72,1.9,589.08,52.69,56.052,1.548,0.867,0.055,1.1,0.09,0.93,0.06,-0.36,0.05,,,"                   ",,,"                   ",,,,,,
33,"HIP14060 ","HD18784 ","* rho01 Eri",5179627995156977408,45.2918,-7.663,1.036,0.014,,"2018A&A...616A..68G",,,10.42,0.04,G,0.024,16.68,1.01,16.741,1.056,4652,80,1.7,48.193,3.063,10.69,0.15,0.929,0.134,0.76,0.177,2.3,0.12,0.0,0.06,,,"                   ",,,"                   ",,,,,,
34,"HIP14086 ","HD18907 ","* eps For",5071514326764428544,45.4068,-28.0915,0.788,0.016,1,"2015A&A...582A..49H",1,1,31.31,0.06,G,0.009,14.471,0.218,14.467,0.227,5143,56,1.1,4.613,0.075,2.706,0.055,0.884,0.031,0.92,0.036,3.53,0.03,-0.63,0.03,,,"                   ",,,"                   ",,,,,,
35,"HIP14135 ","HD18884 ","* alf Cet",,45.5699,4.0897,12.2,0.04,,"2006A&A...460..855W",1,1,13.09,0.44,H,0.024,960.197,175.637,967.227,175.783,3738,170,4.5,1764.364,341.889,100.206,3.384,1.465,0.109,1.933,0.191,0.66,0.07,-0.24,0.09,,,"                   ",,,"                   ",,,,,,
36,"HIP14632 ","HD19373 ","* iot Per",436648129327098496,47.2667,49.6133,1.246,0.007,,"2012ApJ...746..101B",,,94.54,0.14,G,0.0,64.057,0.096,63.548,0.108,5921,17,0.3,2.222,0.008,1.417,0.008,1.082,0.005,1.103,0.023,4.17,0.01,0.09,0.01,,,"                   ",,,"                   ",,,,,,
37,"HIP14838 ","HD19787 ","* del Ari",60248877811546112,47.9074,19.7267,1.87,0.12,,"1999AJ....118.3032N",,,19.77,0.16,G,0.019,56.948,2.983,56.952,2.745,4703,161,3.4,45.544,2.315,10.17,0.658,0.897,0.212,0.849,0.367,2.36,0.23,0.11,0.03,,,"                   ",,,"                   ",,,,,,
38,"HIP14954 ","HD19994 ","*  94 Cet",3265335443260522112,48.1935,-1.1961,0.761,0.01,,"2016A&A...586A..94L",,,43.7,0.13,G,0.01,23.673,0.769,23.56,0.712,5912,59,1.0,3.856,0.119,1.872,0.025,1.26,0.047,1.277,0.093,4.0,0.04,0.2,0.01,,,"                   ",,,"                   ",,,,,,
39,"HIP15457 ","HD20630 ","* kap01 Cet",3269362645115584640,49.8404,3.3702,0.936,0.024,,"2012ApJ...746..101B",,,107.8,0.18,G,0.0,32.877,1.103,32.684,1.035,5786,87,1.5,0.879,0.028,0.934,0.024,0.999,0.03,1.021,0.021,4.5,0.04,0.04,0.01,,,"                   ",,,"                   ",,,,,,
40,"HIP15776 ","HD21019 "," ",5168359139139252352,50.8238,-7.7941,0.606,0.015,,"2013ApJ...771...40B",,,26.82,0.09,G,0.013,9.342,0.082,9.353,0.077,5259,66,1.3,4.064,0.043,2.429,0.061,1.022,0.024,1.327,0.346,3.73,0.12,-0.45,0.02,,,"                   ",,,"                   ",,,,,,
41,"HIP16537 ","HD22049 ","* eps Eri",5164707970261890560,53.2327,-9.4583,2.144,0.011,,"2020MNRAS.493.2377R",1,1,310.58,0.14,G,0.0,101.158,2.218,100.473,2.06,5062,29,0.6,0.326,0.007,0.742,0.004,0.776,0.013,0.819,0.011,4.6,0.01,-0.08,0.01,,,"                   ",,,"                   ",,,,,,
42,"HIP16852 ","HD22484 ","*  10 Tau",3263836568394170880,54.2173,0.3996,1.081,0.014,,"2012ApJ...746..101B",,,71.84,0.15,G,0.008,50.533,1.515,50.419,1.496,6000,59,1.0,3.054,0.091,1.618,0.021,1.094,0.014,1.115,0.066,4.06,0.03,-0.08,0.01,,,"                   ",,,"                   ",,,,,,
43,"HIP1686  ","HD1671  ","* rho And",378821548641870336,5.2803,37.9686,0.6,0.006,,"2016A&A...586A..94L",,,19.95,0.07,G,0.024,23.799,0.116,23.776,0.111,6674,34,0.5,18.672,0.157,3.234,0.034,1.812,0.024,1.922,0.166,3.69,0.04,-0.09,0.03,,,"                   ",,,"                   ",,,,,,
44,"HIP17086 ","HD22798 "," ",3250477261599098752,54.9098,-3.393,0.792,0.021,,"2020A&A...639A..67N",,,7.81,0.04,G,0.042,9.701,0.523,9.778,0.529,4652,88,1.9,50.104,2.757,10.903,0.294,1.236,0.217,0.966,0.518,2.4,0.25,0.24,0.05,,,"                   ",,,"                   ",,,,,,
45,"HIP171   ","HD224930","*  85 Peg",2853900872207888768,0.5431,27.0818,0.716,0.007,,"2020A&A...640A..25K",,,81.18,0.45,G,0.0,15.143,0.173,15.005,0.155,5445,30,0.6,0.712,0.011,0.948,0.011,0.774,0.004,0.827,0.047,4.39,0.03,-0.79,0.03,,,"                   ",,,"                   ",,,,,,
46,"HIP17147 ","HD22879 "," ",3250489115709122560,55.0919,-3.217,0.382,0.011,1,"2015A&A...582A..49H",1,1,38.36,0.03,G,0.011,6.136,0.006,6.139,0.006,5962,86,1.4,1.304,0.002,1.071,0.031,0.789,0.008,0.81,0.011,4.28,0.04,-0.84,0.01,,,"                   ",,,"                   ",,,,,,
47,"HIP17378 ","HD23249 ","* del Eri",5164120762333028736,55.8121,-9.7634,2.411,0.009,,"2020MNRAS.493.2377R",1,1,110.03,0.19,G,0.0,117.112,3.241,116.588,3.429,4954,38,0.8,3.01,0.089,2.356,0.01,1.055,0.032,1.48,0.344,3.79,0.1,0.09,0.02,43.8,0.1,"2010MNRAS.405.1907B",700.0,35.0,"2003Ap&SS.284...21B",3.75,0.05,1.97,0.048,1.261,0.017
48,"HIP17595 ","HD23526 "," ",3276860524145383040,56.539,6.8035,0.915,0.021,,"2018A&A...616A..68G",,,8.73,0.04,G,0.046,14.323,0.732,14.341,0.723,4763,81,1.7,58.816,3.013,11.269,0.264,1.028,0.217,0.974,0.269,2.33,0.15,-0.15,0.08,,,"                   ",,,"                   ",,,,,,
49,"HIP17738 ","HD23940 ","* rho For",4887842970929434880,56.9835,-30.1679,1.093,0.021,,"2018A&A...616A..68G",,,11.53,0.05,G,0.015,21.399,0.383,21.385,0.431,4815,52,1.1,50.28,1.102,10.192,0.201,1.336,0.125,0.79,0.06,2.43,0.06,-0.34,0.02,,,"                   ",,,"                   ",,,,,,
50,"HIP18859 ","HD25457 "," ",3256786534197166208,60.6531,-0.2689,0.582,0.016,,"2018ApJ...858...71S",,,53.46,0.07,G,0.01,17.676,0.341,17.712,0.33,6295,91,1.5,1.937,0.036,1.17,0.032,1.209,0.023,1.218,0.021,4.39,0.04,0.1,0.03,,,"                   ",,,"                   ",,,,,,
51,"HIP19849 ","        ","* omi02 Eri",3195919528989223040,63.818,-7.6529,1.504,0.006,,"2012ApJ...757..112B",,,199.61,0.12,G,0.0,54.498,0.756,54.259,0.759,5181,21,0.4,0.426,0.006,0.81,0.003,0.769,0.002,0.769,0.012,4.51,0.01,-0.29,0.01,,,"                   ",,,"                   ",,,,,,
52,"HIP2021  ","HD2151  ","* bet Hyi",4683897617110115200,6.4378,-77.2542,2.257,0.019,,"2007MNRAS.380L..80N",1,1,133.72,0.27,G,0.0,209.473,0.391,207.852,0.396,5917,25,0.4,3.633,0.016,1.815,0.016,1.111,0.008,1.151,0.114,3.97,0.04,-0.12,0.02,57.6,0.6,"2010MNRAS.405.1907B",1000.0,50.0,"2008ApJ...682.1370K",3.94,0.05,1.766,0.062,1.086,0.036
53,"HIP21421 ","HD29139 ","* alf Tau",,68.9802,16.5093,20.58,0.03,,"2005A&A...433..305R",1,1,48.94,0.77,H,0.01,3290.84,250.737,3333.08,271.244,3921,80,2.0,434.967,37.951,45.212,0.714,0.955,0.077,1.27,0.103,1.17,0.05,-0.2,0.03,,,"                   ",,,"                   ",,,,,,
54,"HIP22449 ","HD30652 ","* pi.03 Ori",3288921720025503360,72.46,6.9613,1.526,0.004,,"2012ApJ...746..101B",,,124.62,0.22,G,0.0,141.072,3.029,139.928,2.943,6518,35,0.5,2.816,0.06,1.317,0.004,1.28,0.017,1.288,0.019,4.31,0.01,0.03,0.03,,,"                   ",,,"                   ",,,,,,
55,"HIP22453 ","HD30504 ","*   1 Aur",198558953732674816,72.4777,37.4883,2.803,0.013,,"2009MNRAS.394.1925V",,,7.13,0.13,G,0.081,72.529,1.404,73.691,1.299,4097,20,0.5,453.079,18.351,42.268,0.795,1.043,0.083,1.783,0.084,1.32,0.05,-0.34,0.03,,,"                   ",,,"                   ",,,,,,
56,"HIP22479 ","HD30814 ","*  60 Eri",2981103853463479040,72.5484,-16.2172,1.31,0.01,,"2018A&A...616A..68G",,,13.64,0.08,G,0.017,32.973,0.562,32.973,0.532,4901,27,0.6,55.395,1.105,10.326,0.099,1.741,0.083,2.45,0.16,2.73,0.04,-0.02,0.06,,,"                   ",,,"                   ",,,,,,
57,"HIP2413  ","HD2665  "," ",421805237748755968,7.6894,57.0649,0.395,0.004,,"2020A&A...640A..25K",,,3.75,0.02,G,0.156,3.164,0.003,3.121,0.003,4951,25,0.5,69.377,0.744,11.325,0.13,0.787,0.012,1.202,0.068,2.32,0.03,-1.97,0.05,,,"                   ",,,"                   ",,,,,,
58,"HIP24813 ","HD34411 ","* lam Aur",188771135583573504,79.7853,40.0991,0.981,0.015,,"2012ApJ...746..101B",,,79.6,0.1,G,0.007,36.921,0.18,36.836,0.185,5823,45,0.8,1.817,0.01,1.325,0.02,1.016,0.011,1.037,0.012,4.2,0.02,0.06,0.01,,,"                   ",,,"                   ",,,,,,
59,"HIP25993 ","HD36848 "," ",4808960875719316608,83.2142,-38.5134,1.386,0.098,,"2012A&A...539A..58C",,,18.78,0.05,G,0.012,27.174,0.609,27.091,0.692,4537,163,3.6,24.009,0.627,7.935,0.561,1.108,0.109,1.26,0.267,2.71,0.13,0.19,0.12,,,"                   ",,,"                   ",,,,,,
60,"HIP26019 ","HD36874 "," ",4822128906148720128,83.2808,-35.1394,1.118,0.011,,"2018A&A...616A..68G",,,11.21,0.04,G,0.017,18.883,0.378,18.89,0.365,4616,32,0.7,46.984,0.969,10.723,0.112,0.886,0.115,1.762,0.336,2.47,0.1,0.0,0.1,,,"                   ",,,"                   ",,,,,,
61,"HIP27435 ","HD38858 "," ",3023711269067191296,87.1456,-4.0946,0.572,0.009,,"2013ApJ...771...40B",,,65.74,0.03,G,0.008,11.557,0.11,11.542,0.111,5705,47,0.8,0.835,0.008,0.935,0.015,0.855,0.015,0.878,0.018,4.43,0.02,-0.22,0.01,,,"                   ",,,"                   ",,,,,,
62,"HIP27530 ","HD39523 ","* gam Pic",4767368897757788288,87.4569,-56.1667,1.939,0.016,,"2018A&A...616A..68G",,,17.58,0.15,G,0.017,55.239,3.313,55.236,3.75,4583,80,1.7,55.863,3.91,11.859,0.141,0.934,0.191,1.456,0.302,2.36,0.13,0.15,0.1,4.32,0.02,"2022AJ....164..135H",38.2,0.5,"2022AJ....164..135H",2.47,0.02,10.556,0.135,1.705,0.063
63,"HIP27621 ","HD39640 "," ",4792305954618472960,87.7218,-52.1089,1.251,0.017,,"2018A&A...616A..68G",,,12.17,0.05,G,0.02,28.9,0.495,28.862,0.559,4851,41,0.8,60.91,1.282,11.052,0.157,1.374,0.108,2.26,0.159,2.6,0.05,-0.11,0.04,5.21,0.03,"2022AJ....164..135H",50.8,0.9,"2022AJ....164..135H",2.61,0.02,9.938,0.124,2.008,0.089
64,"HIP27913 ","HD39587 ","* chi01 Ori",3399063235755057792,88.5958,20.2762,1.051,0.009,,"2012ApJ...746..101B",,,114.95,0.53,G,0.0,44.404,1.726,44.053,1.727,5883,63,1.1,1.042,0.042,0.983,0.01,1.012,0.027,1.045,0.02,4.47,0.02,-0.03,0.01,,,"                   ",,,"                   ",,,,,,
65,"HIP28011 ","HD39910 "," ",3022721124487294848,88.8757,-4.6165,1.09,0.008,,"2018A&A...616A..68G",,,10.47,0.04,G,0.024,17.097,0.379,17.176,0.423,4565,33,0.7,48.975,1.262,11.193,0.093,1.003,0.113,2.125,0.056,2.5,0.05,0.26,0.04,,,"                   ",,,"                   ",,,,,,
66,"HIP28139 ","HD40020 "," ",3342942066329410688,89.206,11.5211,1.012,0.023,,"2018A&A...616A..68G",,,9.61,0.05,G,0.029,16.13,0.407,16.228,0.354,4671,59,1.3,54.923,1.327,11.322,0.264,1.272,0.153,2.387,0.397,2.57,0.09,0.13,0.04,,,"                   ",,,"                   ",,,,,,
67,"HIP29575 ","HD43023 "," ",3021524580959406592,93.476,-3.7414,0.842,0.014,,"2020A&A...639A..67N",,,9.83,0.08,G,0.025,15.254,0.121,15.269,0.135,5043,43,0.9,49.389,0.915,9.209,0.17,2.197,0.122,3.602,0.603,2.96,0.08,0.0,0.04,,,"                   ",,,"                   ",,,,,,
68,"HIP3031  ","HD3546  ","* eps And",2858181236614036864,9.6389,29.3118,1.77,0.08,,"1999AJ....118.3032N",,,19.25,0.12,G,0.021,60.709,0.195,60.557,0.2,4909,111,2.3,51.079,0.659,9.886,0.451,1.215,0.094,0.781,0.17,2.44,0.11,-0.62,0.03,,,"                   ",,,"                   ",,,,,,
69,"HIP30565 ","HD46116 ","* pi.02 Dor",5278762854038923008,96.3693,-69.6903,1.145,0.031,,"2018A&A...616A..68G",,,11.76,0.06,G,0.035,24.614,0.366,24.75,0.309,4880,68,1.4,55.937,0.901,10.468,0.288,0.961,0.109,1.916,0.598,2.53,0.15,-0.32,0.04,4.07,0.04,"2022AJ....164..135H",31.7,0.3,"2022AJ....164..135H",2.4,0.02,10.196,0.213,1.041,0.089
70,"HIP3093  ","HD3651  ","*  54 Psc",2802397960855105920,9.8409,21.2505,0.722,0.007,,"2016A&A...586A..94L",,,90.02,0.05,G,0.0,13.759,0.163,13.666,0.172,5297,31,0.6,0.527,0.007,0.862,0.008,0.864,0.013,0.936,0.016,4.52,0.02,0.14,0.02,,,"                   ",,,"                   ",,,,,,
71,"HIP3137  ","HD3750  "," ",4979682840735231616,9.9665,-44.7963,1.003,0.02,,"2018A&A...616A..68G",,,10.36,0.03,G,0.014,15.143,0.303,15.124,0.303,4610,51,1.1,44.043,0.918,10.409,0.21,1.271,0.154,0.761,0.208,2.4,0.13,0.03,0.09,,,"                   ",,,"                   ",,,,,,
72,"HIP32362 ","HD48737 ","* ksi Gem",3352485999058854912,101.3224,12.8956,1.401,0.009,,"2012ApJ...746..101B",,,54.19,0.24,G,0.009,119.752,0.981,119.369,0.963,6537,25,0.4,12.706,0.152,2.78,0.022,1.752,0.046,1.687,0.096,3.79,0.03,0.14,0.1,,,"                   ",,,"                   ",,,,,,
73,"HIP32851 ","HD49933A"," ",3113219383954556416,102.7076,-0.5409,0.445,0.012,,"2011A&A...534L...3B",1,1,33.53,0.04,G,0.012,12.748,0.026,12.725,0.025,6628,89,1.3,3.538,0.011,1.427,0.039,1.16,0.023,1.128,0.02,4.19,0.04,-0.39,0.03,86.1,0.9,"2010MNRAS.405.1907B",1657.0,82.9,"2010A&A...509A..77K",4.19,0.06,1.386,0.059,1.18,0.099
74,"HIP3456  ","HD4211  ","* lam02 Scl",5000702410680381824,11.0504,-38.4217,1.1,0.011,,"2018A&A...616A..68G",,,9.85,0.05,G,0.016,17.573,0.388,17.608,0.41,4572,35,0.8,56.724,1.441,12.007,0.135,0.922,0.161,1.459,0.19,2.34,0.1,0.01,0.08,,,"                   ",,,"                   ",,,,,,
75,"HIP36444 ","HD60060 "," ",5492531416535100672,112.4988,-52.6512,0.948,0.01,,"2018A&A...616A..68G",,,9.24,0.02,G,0.044,15.944,0.271,16.068,0.25,4814,32,0.7,58.824,0.95,11.031,0.119,1.355,0.111,2.202,0.093,2.59,0.04,-0.08,0.05,,,"                   ",,,"                   ",,,,,,
76,"HIP36732 ","HD60341 "," ",5716535848180090624,113.3315,-19.4125,1.19,0.022,,"2018A&A...616A..68G",,,10.98,0.05,G,0.022,20.381,0.557,20.434,0.561,4563,53,1.2,52.978,1.532,11.652,0.222,1.287,0.132,1.214,0.175,2.4,0.08,0.01,0.04,,,"                   ",,,"                   ",,,,,,
77,"HIP37279 ","HD61421 ","Procyon",,114.8255,5.225,5.406,0.006,,"2021AJ....162..198B",1,1,284.56,1.26,H,0.0,1844.0,3.455,1826.03,3.347,6582,5,0.1,7.049,0.064,2.043,0.009,1.491,0.008,1.439,0.05,3.98,0.02,-0.02,0.02,55.2,0.5,"2010MNRAS.405.1907B",1000.0,50.0,"2008ApJ...687.1180A",3.97,0.05,2.028,0.068,1.423,0.032
78,"HIP3765  ","HD4628  "," ",2552925644460225152,12.0957,5.2806,0.868,0.004,,"2012ApJ...757..112B",,,134.49,0.06,G,0.0,16.981,0.382,16.88,0.409,5093,33,0.6,0.292,0.007,0.694,0.003,0.762,0.012,0.778,0.007,4.64,0.01,-0.26,0.01,,,"                   ",,,"                   ",,,,,,
79,"HIP37664 ","HD62713 ","* W Pup",5536661140353547008,115.9247,-40.9337,1.446,0.012,,"2018A&A...616A..68G",,,14.78,0.06,G,0.022,32.733,0.709,32.854,0.723,4661,32,0.7,47.008,1.102,10.519,0.097,0.883,0.111,0.713,0.103,2.29,0.08,0.02,0.09,,,"                   ",,,"                   ",,,,,,
80,"HIP37826 ","HD62509 ","Pollux",,116.329,28.0262,8.018,0.043,,"2016ApJS..227....4H",1,1,96.54,0.27,H,0.0,1152.45,4.604,1145.92,4.945,4810,14,0.3,38.431,0.272,8.93,0.054,1.696,0.051,0.632,0.035,2.55,0.03,0.02,0.03,7.14,0.12,"2010MNRAS.405.1907B",84.5,12.7,"2017MNRAS.472.4110S",2.83,0.15,8.757,0.365,1.989,0.076
81,"HIP3850  ","HD4747  "," ",2348830516542653824,12.3615,-23.2125,0.39,0.007,,"2019ApJ...873...83W",,,53.08,0.03,G,0.008,4.13,0.008,4.152,0.007,5351,48,0.9,0.461,0.001,0.79,0.014,0.797,0.021,0.816,0.025,4.55,0.03,-0.23,0.02,,,"                   ",,,"                   ",,,,,,
82,"HIP40526 ","HD69267 ","* bet Cnc",3098404220680931968,124.1288,9.1855,5.03,0.03,,"1999AJ....118.3032N",,,10.1,0.31,G,0.019,234.2,1.735,233.469,2.046,4080,15,0.4,715.361,44.359,53.545,1.674,1.734,0.087,2.295,0.131,1.28,0.05,-0.2,0.05,,,"                   ",,,"                   ",,,,,,
83,"HIP40693 ","HD69830 "," ",5726982995343100928,124.5998,-12.6322,0.674,0.014,,"2015ApJ...800..115T",,,79.5,0.04,G,0.0,12.179,0.149,12.085,0.164,5317,58,1.1,0.598,0.008,0.912,0.019,0.843,0.009,0.856,0.016,4.45,0.03,-0.03,0.01,,,"                   ",,,"                   ",,,,,,
84,"HIP40843 ","HD69897 ","* chi Cnc",683184784030475520,125.0161,27.2177,0.706,0.013,,"2013ApJ...771...40B",,,54.87,0.09,G,0.009,24.638,0.077,24.57,0.071,6203,57,0.9,2.551,0.011,1.383,0.026,1.033,0.02,1.032,0.014,4.17,0.02,-0.28,0.02,,,"                   ",,,"                   ",,,,,,
85,"HIP4151  ","HD5015  "," ",427322415301550208,13.2675,61.124,0.865,0.01,,"2012ApJ...746..101B",,,52.9,0.1,G,0.014,32.961,0.222,32.994,0.234,6033,37,0.6,3.685,0.03,1.758,0.021,1.21,0.041,1.214,0.066,4.03,0.03,0.05,0.02,,,"                   ",,,"                   ",,,,,,
86,"HIP4257  ","HD5268  ","*  21 Cet",2474456351444863744,13.5733,-8.7407,0.767,0.035,,"2020A&A...639A..67N",,,7.92,0.03,G,0.031,11.666,0.246,11.699,0.255,4944,116,2.3,58.298,1.345,10.412,0.477,0.879,0.243,0.939,0.247,2.36,0.18,-0.35,0.1,,,"                   ",,,"                   ",,,,,,
87,"HIP43587 ","HD75732 ","* rho01 Cnc",704967037090946688,133.1492,28.3308,0.724,0.011,,"2016A&A...586A..94L",,,79.45,0.04,G,0.0,12.539,0.181,12.456,0.19,5169,44,0.8,0.617,0.009,0.98,0.015,0.891,0.004,0.917,0.016,4.41,0.02,0.32,0.02,,,"                   ",,,"                   ",,,,,,
88,"HIP43813 ","HD76294 ","* zet Hya",583588100209595776,133.8484,5.9456,3.196,0.017,,"2018AJ....155...30B",,,21.31,0.23,G,0.015,186.482,0.783,186.059,0.754,4836,14,0.3,128.063,2.813,16.125,0.194,2.732,0.168,3.14,0.148,2.49,0.04,-0.05,0.06,,,"                   ",,,"                   ",,,,,,
89,"HIP45343 ","HD79210 "," ",1022456139210632064,138.5949,52.6866,0.871,0.014,,"2012ApJ...757..112B",,,157.92,0.02,G,0.0,6.484,0.08,6.448,0.076,3997,34,0.9,0.081,0.001,0.593,0.01,0.619,0.007,0.629,0.009,4.69,0.02,0.17,0.05,,,"                   ",,,"                   ",,,,,,
90,"HIP45860 ","HD80493 ","* alf Lyn",702343774145932544,140.2638,34.3926,7.538,0.075,,"2003AJ....126.2502M",,,14.7,0.18,G,0.017,430.209,2.921,429.401,2.936,3881,20,0.5,621.108,15.792,55.133,0.87,1.062,0.062,1.52,0.077,1.06,0.04,-0.26,0.05,,,"                   ",,,"                   ",,,,,,
91,"HIP4587  ","HD5722  ","* phi04 Cet",2472524234636869248,14.6828,-11.38,0.995,0.019,,"2018A&A...616A..68G",,,9.75,0.07,G,0.023,19.163,0.265,19.214,0.275,4914,50,1.0,63.176,1.282,10.972,0.224,1.405,0.124,2.296,0.155,2.61,0.05,-0.23,0.03,,,"                   ",,,"                   ",,,,,,
92,"HIP46853 ","HD82328 ","* tet UMa",1018776176872261248,143.2143,51.6773,1.632,0.005,,"2012ApJ...746..101B",,,73.83,0.2,G,0.0,134.23,3.751,132.466,3.66,6217,44,0.7,7.596,0.214,2.377,0.01,1.34,0.008,1.436,0.155,3.83,0.05,-0.17,0.01,,,"                   ",,,"                   ",,,,,,
93,"HIP47080 ","HD82885 ","*  11 LMi",798068905726303232,143.9146,35.8101,0.821,0.012,,"2012ApJ...746..101B",,,89.01,0.09,G,0.0,19.933,0.309,19.835,0.338,5452,46,0.8,0.783,0.013,0.992,0.015,0.936,0.015,1.043,0.022,4.44,0.02,0.34,0.02,,,"                   ",,,"                   ",,,,,,
94,"HIP47431 ","HD83618 ","* iot Hya",3827873938815011200,144.964,-1.1428,3.462,0.033,,"2018AJ....155...30B",,,12.91,0.18,G,0.02,128.929,1.007,128.741,1.024,4238,22,0.5,241.437,7.001,28.832,0.487,1.557,0.083,2.188,0.144,1.78,0.04,-0.06,0.05,,,"                   ",,,"                   ",,,,,,
95,"HIP47908 ","HD84441 ","* eps Leo",641662895638787584,146.4628,23.7743,2.643,0.015,,"2009MNRAS.394.1925V",,,14.34,0.32,G,0.018,185.678,1.032,185.474,0.991,5314,17,0.3,281.919,12.672,19.816,0.456,3.144,0.234,3.47,0.11,2.36,0.05,-0.03,0.11,,,"                   ",,,"                   ",,,,,,
96,"HIP48152 ","HD84937 "," ",615943806835727872,147.2337,13.7443,0.153,0.005,1,"2015A&A...582A..49H",1,1,13.53,0.04,G,0.019,1.381,0.001,1.378,0.001,6484,106,1.6,2.352,0.014,1.216,0.04,0.763,0.006,0.793,0.062,4.16,0.05,-2.12,0.02,,,"                   ",,,"                   ",,,,,,
97,"HIP48455 ","HD85503 ","* mu. Leo",643819484617141504,148.1909,26.007,2.887,0.016,,"2018AJ....155...30B",1,1,26.1,0.2,G,0.013,115.913,1.952,115.698,2.03,4519,23,0.5,53.086,1.237,11.893,0.112,0.953,0.116,1.994,0.112,2.43,0.06,0.27,0.03,,,"                   ",,,"                   ",,,,,,
98,"HIP49081 ","HD86728 ","*  20 LMi",746545172372256384,150.2527,31.9237,0.771,0.012,,"2012ApJ...746..101B",,,67.0,0.09,G,0.008,19.659,0.156,19.6,0.196,5610,46,0.8,1.365,0.014,1.237,0.019,0.967,0.01,1.009,0.014,4.25,0.02,0.2,0.02,,,"                   ",,,"                   ",,,,,,
99,"HIP49637 ","HD87837 ","*  31 Leo",3879879704937353984,151.9761,9.9975,3.33,0.04,,"1999AJ....118.3032N",,,11.02,0.17,G,0.023,104.885,4.829,104.963,4.143,4106,47,1.2,270.154,13.535,32.489,0.635,1.249,0.095,1.818,0.154,1.59,0.06,-0.02,0.05,,,"                   ",,,"                   ",,,,,,
100,"HIP49908 ","HD88230 "," ",823773494718931968,152.8423,49.4542,1.268,0.04,,"2001ApJ...551L..81L",,,205.31,0.02,G,0.0,15.748,0.533,15.605,0.474,4132,72,1.7,0.116,0.004,0.664,0.021,0.678,0.011,0.685,0.012,4.63,0.04,0.21,0.06,,,"                   ",,,"                   ",,,,,,
101,"HIP50382 ","HD298986"," ",5358179685572496384,154.312,-52.4885,0.073,0.001,1,"2016A&A...592A..70H",,1,7.5,0.01,G,0.052,0.288,0.0,0.287,0.0,6344,44,0.7,1.597,0.005,1.046,0.014,0.767,0.006,0.803,0.01,4.29,0.02,-1.33,0.04,,,"                   ",,,"                   ",,,,,,
102,"HIP50564 ","HD89449 ","*  40 Leo",624684408880100992,154.934,19.4709,0.731,0.026,,"2013MNRAS.434.1321M",,,47.13,0.17,G,0.009,29.766,0.694,29.578,0.7,6385,120,1.9,4.162,0.103,1.668,0.06,1.36,0.016,1.341,0.035,4.12,0.05,0.1,0.03,,,"                   ",,,"                   ",,,,,,
103,"HIP50887 ","HD90043 ","*  24 Sex",3830897080395058048,155.8682,-0.9022,0.659,0.009,,"2018MNRAS.477.4403W",,,13.67,0.03,G,0.02,7.682,0.555,7.681,0.49,4801,83,1.7,12.847,0.821,5.183,0.072,1.098,0.091,1.468,0.144,3.11,0.06,-0.03,0.03,14.15,1.23,"2020MNRAS.496.5423M",203.0,10.0,"2020MNRAS.496.5423M",3.21,0.06,5.351,0.934,1.527,0.273
104,"HIP51459 ","HD90839 ","*  36 UMa",853819947756949120,157.6566,55.9805,0.794,0.014,,"2012ApJ...746..101B",,,77.25,0.08,G,0.007,32.363,0.166,32.212,0.155,6259,56,0.9,1.687,0.009,1.105,0.02,1.113,0.022,1.13,0.02,4.4,0.02,-0.12,0.01,,,"                   ",,,"                   ",,,,,,
105,"HIP5336  ","HD6582  ","* mu. Cas",411413822074322432,17.0683,54.9203,0.973,0.009,,"2008ApJ...683..424B",1,1,130.29,0.43,G,0.0,26.165,0.372,25.975,0.375,5358,31,0.6,0.478,0.008,0.803,0.008,0.714,0.003,0.734,0.015,4.49,0.01,-0.83,0.02,,,"                   ",,,"                   ",,,,,,
106,"HIP544   ","HD166   "," ",2860924621205256704,1.6533,29.0215,0.624,0.009,,"2013ApJ...771...40B",,,72.64,0.03,G,0.008,10.88,0.059,10.848,0.06,5378,40,0.7,0.643,0.004,0.924,0.013,0.875,0.008,0.924,0.022,4.46,0.02,0.11,0.01,,,"                   ",,,"                   ",,,,,,
107,"HIP5445  ","HD6755  "," ",522534933950730240,17.4294,61.5473,0.369,0.004,,"2020A&A...640A..25K",,,6.4,0.1,G,0.072,2.755,0.004,2.781,0.006,4977,27,0.5,21.222,0.665,6.199,0.118,0.8,0.009,0.841,0.024,2.77,0.03,-1.43,0.05,,,"                   ",,,"                   ",,,,,,
108,"HIP54539 ","HD96833 ","* psi UMa",779106556394253824,167.4159,44.4985,4.131,0.007,,"2018AJ....155...30B",,,23.23,0.25,G,0.012,242.232,0.907,241.957,1.009,4543,6,0.1,140.145,3.073,19.12,0.208,1.356,0.113,2.307,0.133,2.12,0.05,-0.11,0.03,,,"                   ",,,"                   ",,,,,,
109,"HIP5458  ","HD6833  "," ",411220548543503488,17.4678,54.739,0.852,0.008,,"2020A&A...640A..25K",,,4.75,0.02,G,0.22,9.289,0.255,9.455,0.308,4447,42,0.9,130.976,4.403,19.285,0.198,0.829,0.015,1.025,0.045,1.83,0.02,-0.86,0.03,,,"                   ",,,"                   ",,,,,,
110,"HIP55219 ","HD98262 ","* nu. UMa",757565233820538752,169.6197,33.0943,4.561,0.016,,"2018AJ....155...30B",,,7.98,0.48,G,0.021,214.711,12.506,212.92,12.205,4187,61,1.4,1045.08,139.267,61.451,3.703,2.731,0.199,4.024,0.614,1.38,0.1,-0.14,0.03,,,"                   ",,,"                   ",,,,,,
111,"HIP56127 ","HD99998 ","* e Leo",3793247534517512064,172.5787,-3.0035,3.21,0.02,,"1999AJ....118.3032N",,,6.59,0.11,G,0.049,76.849,7.149,75.541,7.003,3852,90,2.3,543.689,53.568,52.371,0.933,0.861,0.062,0.934,0.111,0.95,0.06,-0.39,0.05,,,"                   ",,,"                   ",,,,,,
112,"HIP56343 ","HD100407","* ksi Hya",3478394889483944320,173.2505,-31.8576,2.386,0.021,,"2005A&A...436..253T",1,1,24.96,0.17,G,0.014,122.168,2.289,121.677,2.512,5034,34,0.7,61.046,1.51,10.278,0.114,2.151,0.307,2.522,0.151,2.78,0.07,-0.09,0.12,7.11,0.14,"2010MNRAS.405.1907B",92.3,4.6,"2002A&A...394L...5F",2.87,0.05,9.868,0.399,3.007,0.155
113,"HIP56997 ","HD101501","*  61 UMa",4025850731201819392,175.2626,34.2016,0.91,0.009,,"2012ApJ...746..101B",,,104.43,0.1,G,0.0,22.078,0.173,21.919,0.168,5310,28,0.5,0.628,0.005,0.937,0.009,0.84,0.003,0.842,0.006,4.42,0.01,-0.05,0.01,,,"                   ",,,"                   ",,,,,,
114,"HIP57360 ","HD102200"," ",5378451759396269696,176.3926,-46.0629,0.138,0.002,1,"2016A&A...592A..70H",,1,13.88,0.01,G,0.026,0.94,0.001,0.94,0.001,6205,45,0.7,1.525,0.003,1.069,0.016,0.767,0.003,0.785,0.006,4.27,0.02,-1.23,0.03,,,"                   ",,,"                   ",,,,,,
115,"HIP57477 ","HD102328"," ",841920040781646080,176.7318,55.6282,1.606,0.006,,"2010ApJ...710.1365B",,,14.9,0.06,G,0.014,33.671,0.803,33.663,0.891,4450,31,0.7,47.394,1.311,11.589,0.064,1.177,0.059,1.114,0.192,2.37,0.08,0.19,0.04,,,"                   ",,,"                   ",,,,,,
116,"HIP57757 ","HD102870","* bet Vir",3796442680948579328,177.6738,1.7647,1.431,0.006,,"2012ApJ...746..101B",1,1,90.89,0.19,G,0.0,94.986,0.101,93.957,0.112,6093,13,0.2,3.555,0.015,1.693,0.008,1.261,0.048,1.226,0.005,4.08,0.02,0.13,0.01,72.07,0.1,"2010MNRAS.405.1907B",1400.0,70.0,"2005NewA...10..315C",4.1,0.05,1.603,0.054,1.38,0.02
117,"HIP57939 ","HD103095"," ",4034171629042489088,178.2449,37.7187,0.593,0.004,,"2020A&A...640A..25K",1,1,109.06,0.02,G,0.0,8.868,0.034,8.791,0.031,5235,18,0.3,0.231,0.001,0.585,0.004,0.63,0.016,0.67,0.006,4.72,0.01,-1.33,0.02,,,"                   ",,,"                   ",,,,,,
118,"HIP59490 ","HD106038"," ",3920615854833203328,183.0057,13.2613,0.073,0.001,1,"2016A&A...592A..70H",,1,7.49,0.03,G,0.042,0.259,0.0,0.257,0.0,6172,42,0.7,1.434,0.012,1.048,0.015,0.761,0.003,0.776,0.004,4.28,0.02,-1.33,0.04,,,"                   ",,,"                   ",,,,,,
119,"HIP60172 ","HD107328","* c Vir",3701693091058501504,185.0874,3.3126,1.74,0.02,1,"1999AJ....117.1864C",1,1,9.67,0.15,G,0.024,44.335,3.131,44.206,3.191,4576,87,1.9,147.765,11.609,19.346,0.374,0.789,0.204,0.806,0.342,1.77,0.22,-0.38,0.06,,,"                   ",,,"                   ",,,,,,
120,"HIP61317 ","HD109358","* bet CVn",1534011998572555776,188.4356,41.3575,1.133,0.034,,"2018AJ....155...30B",,,118.03,0.15,G,0.0,56.505,0.367,55.879,0.399,6013,91,1.5,1.254,0.009,1.032,0.031,0.98,0.036,0.999,0.035,4.41,0.04,-0.2,0.01,,,"                   ",,,"                   ",,,,,,
121,"HIP63584 ","HD113337"," ",1676282377934772608,195.4455,63.6102,0.386,0.009,,"2019A&A...627A..44B",,,27.63,0.03,G,0.013,10.54,0.026,10.5,0.026,6783,79,1.2,4.299,0.014,1.502,0.035,1.449,0.019,1.441,0.019,4.24,0.03,0.17,0.03,,,"                   ",,,"                   ",,,,,,
122,"HIP63608 ","HD113226","* eps Vir",3736865265441207424,195.5442,10.9592,3.318,0.013,,"2018AJ....155...30B",1,1,30.21,0.19,G,0.012,220.723,0.627,220.016,0.518,4950,10,0.2,75.351,0.964,11.809,0.088,2.447,0.072,2.874,0.079,2.72,0.02,0.06,0.03,,,"                   ",,,"                   ",,,,,,
123,"HIP64394 ","HD114710","* bet Com",1460229442589223424,197.9683,27.8782,1.127,0.011,,"2012ApJ...746..101B",,,108.73,0.16,G,0.0,52.852,0.22,52.298,0.247,5930,30,0.5,1.383,0.008,1.114,0.011,1.042,0.012,1.08,0.013,4.37,0.01,0.06,0.01,,,"                   ",,,"                   ",,,,,,
124,"HIP65721 ","HD117176","*  70 Vir",3740176925743994752,202.1075,13.7788,0.998,0.004,,"2015ApJ...806...60K",,,55.25,0.08,G,0.01,29.898,0.372,29.762,0.414,5473,22,0.4,3.047,0.043,1.942,0.008,1.081,0.005,1.306,0.251,3.94,0.08,-0.06,0.01,,,"                   ",,,"                   ",,,,,,
125,"HIP6592  ","HD8651  "," ",4984231417260290048,21.1699,-41.4925,1.228,0.013,,"2018A&A...616A..68G",,,12.43,0.05,G,0.018,24.121,0.717,24.182,0.712,4685,43,0.9,48.92,1.493,10.622,0.12,1.212,0.088,0.853,0.136,2.39,0.08,-0.2,0.04,,,"                   ",,,"                   ",,,,,,
126,"HIP671   ","HD360   "," ",2429415922764859392,2.0731,-8.8241,0.906,0.015,,"2018A&A...616A..68G",,,9.01,0.04,G,0.045,12.891,0.879,13.104,0.774,4679,79,1.7,50.452,3.013,10.811,0.185,0.955,0.144,0.838,0.177,2.32,0.11,-0.09,0.04,,,"                   ",,,"                   ",,,,,,
127,"HIP67459 ","HD120477","* ups Boo",1243381938292692096,207.3693,15.7979,4.72,0.04,,"1999AJ....118.3032N",,,13.42,0.14,G,0.021,180.726,1.673,180.588,1.884,3950,20,0.5,313.417,7.311,37.815,0.508,1.048,0.067,1.017,0.092,1.3,0.05,-0.4,0.17,,,"                   ",2.6,0.6,"2008ApJ...674L..53S",1.27,0.24,,,,
128,"HIP67927 ","HD121370","* eta Boo",1244946371540479616,208.6712,18.3977,2.134,0.012,,"2014ApJ...781...90B",1,1,87.75,1.24,H,0.006,219.745,0.689,218.405,0.758,6161,18,0.3,8.866,0.252,2.615,0.04,1.643,0.031,1.667,0.165,3.82,0.05,0.25,0.01,39.9,0.1,"2010MNRAS.405.1907B",750.0,37.5,"2005A&A...434.1085C",3.83,0.05,2.817,0.07,1.559,0.072
129,"HIP68594 ","HD122563"," ",3723554268436602240,210.6327,9.6861,0.925,0.011,,"2020A&A...640A..25K",1,1,3.1,0.03,G,0.06,13.233,0.244,13.231,0.244,4642,35,0.8,430.33,11.495,32.081,0.492,0.767,0.023,0.79,0.033,1.32,0.03,-2.67,0.02,,,"                   ",3.1,0.1,"2019A&A...625A..33C",1.38,0.02,,,,
130,"HIP69673 ","HD124897","Arcturus",,213.9153,19.1824,21.05,0.21,,"2008A&A...485..561L",1,1,88.83,0.54,H,0.006,4954.2,32.296,4935.88,33.171,4277,23,0.5,195.517,2.716,25.478,0.298,0.856,0.011,0.944,0.147,1.58,0.07,-0.55,0.01,0.83,0.05,"2010MNRAS.405.1907B",3.5,0.2,"2007MNRAS.382L..48T",1.41,0.05,25.093,3.024,0.624,0.078
131,"HIP70497 ","HD126660","* tet Boo",1604859511344724864,216.2992,51.8507,1.109,0.007,,"2012ApJ...746..101B",,,69.07,0.16,G,0.008,64.538,0.095,64.187,0.097,6292,20,0.3,4.205,0.02,1.726,0.012,1.293,0.041,1.232,0.012,4.06,0.02,-0.03,0.02,,,"                   ",,,"                   ",,,,,,
132,"HIP70791 ","HD127243","* g Boo",1603662211901473408,217.1576,49.8449,0.971,0.007,,"2020A&A...640A..25K",,,10.59,0.04,G,0.033,19.908,0.22,19.85,0.233,5015,23,0.5,55.323,0.773,9.858,0.08,1.508,0.063,0.817,0.025,2.5,0.02,-0.7,0.03,,,"                   ",,,"                   ",,,,,,
133,"HIP7083  ","HD9362  ","* del Phe",4929469381645492864,22.8129,-49.0727,2.301,0.021,,"2018A&A...616A..68G",,,22.79,0.11,G,0.012,89.791,1.302,89.774,1.372,4750,28,0.6,54.026,0.976,10.855,0.112,1.238,0.072,0.924,0.079,2.4,0.05,-0.31,0.03,,,"                   ",,,"                   ",,,,,,
134,"HIP71053 ","HD127665","* rho Boo",1284537517514584704,217.9575,30.3714,3.901,0.008,,"2018AJ....155...30B",,,19.85,0.16,G,0.016,155.446,8.598,154.828,8.283,4181,56,1.3,122.82,6.862,21.129,0.176,0.99,0.045,1.066,0.104,1.8,0.05,-0.17,0.03,,,"                   ",,,"                   ",,,,,,
135,"HIP71681 ","HD128621","* alf Cen B",,219.8961,-60.8375,5.999,0.025,,"2017A&A...597A.137K",1,1,750.81,0.38,A,0.0,886.949,3.123,880.513,3.498,5207,12,0.2,0.488,0.002,0.859,0.004,0.856,0.004,0.957,0.006,4.53,0.01,0.24,0.01,161.38,0.06,"2010MNRAS.405.1907B",4100.0,205.0,"2008ApJ...682.1370K",4.53,0.05,0.865,0.049,0.905,0.011
136,"HIP71683 ","HD128620","* alf Cen A",,219.9021,-60.834,8.502,0.038,,"2017A&A...597A.137K",1,1,750.81,0.38,A,0.0,2754.44,5.333,2730.91,5.438,5804,13,0.2,1.514,0.003,1.217,0.005,1.042,0.006,1.083,0.006,4.29,0.01,0.2,0.01,106.0,1.0,"2010MNRAS.405.1907B",2400.0,120.0,"2008ApJ...682.1370K",4.32,0.05,1.24,0.059,1.111,0.026
137,"HIP72567 ","HD130948"," ",1265976524286377856,222.5659,23.9118,0.569,0.011,,"2013ApJ...771...40B",,,54.95,0.03,G,0.011,12.341,0.074,12.3,0.066,5812,57,1.0,1.273,0.007,1.113,0.022,0.96,0.019,0.993,0.022,4.33,0.03,-0.01,0.02,,,"                   ",,,"                   ",,,,,,
138,"HIP7294  ","HD9408  ","* chi Cas",509342237530006016,23.4828,59.2321,1.64,0.09,,"1999AJ....118.3032N",,,16.26,0.1,G,0.028,46.347,0.127,46.505,0.127,4774,131,2.7,54.979,0.693,10.844,0.599,0.961,0.124,0.945,0.146,2.35,0.11,-0.3,0.02,,,"                   ",,,"                   ",,,,,,
139,"HIP73184 ","HD131977"," ",6232511606838403968,224.3667,-21.4155,1.13,0.014,,"2020MNRAS.493.2377R",,,169.88,0.07,G,0.0,20.241,1.164,19.996,1.095,4657,70,1.5,0.217,0.012,0.715,0.009,0.745,0.015,0.751,0.017,4.6,0.02,0.02,0.04,,,"                   ",,,"                   ",,,,,,
140,"HIP73568 ","HD133124","* ome Boo",1264797229346287744,225.5271,25.0081,3.055,0.077,,"2018AJ....155...30B",,,8.53,0.11,G,0.038,78.913,2.153,79.066,1.992,3994,56,1.4,339.648,12.246,38.507,1.09,0.985,0.083,1.654,0.124,1.37,0.06,-0.1,0.03,,,"                   ",,,"                   ",,,,,,
141,"HIP74666 ","HD135722","* del Boo",1278391075717325312,228.8757,33.3148,2.764,0.03,,"2003AJ....126.2502M",,,27.07,0.13,G,0.016,136.239,1.648,136.1,1.65,4810,30,0.6,58.052,0.898,10.978,0.13,1.407,0.169,0.791,0.139,2.38,0.09,-0.35,0.03,,,"                   ",,,"                   ",,,,,,
142,"HIP74793 ","HD136726","*  11 UMi",1696798367260229376,229.2745,71.8239,2.149,0.023,,"2018AJ....155...30B",,,7.93,0.09,G,0.023,50.309,0.452,50.294,0.427,4253,25,0.6,249.983,6.058,29.136,0.455,1.632,0.105,2.177,0.136,1.78,0.04,-0.02,0.05,,,"                   ",5.9,0.2,"2022AJ....164..135H",1.64,0.03,,,,
143,"HIP74975 ","HD136202","*   5 Ser",4421455530273900032,229.8283,1.7654,0.785,0.023,,"2013ApJ...771...40B",,,39.8,0.08,G,0.023,23.236,0.882,23.538,0.797,5820,99,1.7,4.645,0.158,2.121,0.062,1.228,0.014,1.195,0.013,3.87,0.04,-0.02,0.02,,,"                   ",,,"                   ",,,,,,
144,"HIP7607  ","HD9927  ","* ups Per",399402894487590144,24.4982,48.6282,3.649,0.007,,"2018AJ....155...30B",,,18.55,0.2,G,0.023,160.937,9.202,159.669,8.25,4356,56,1.3,145.035,8.12,21.15,0.232,1.258,0.15,2.058,0.175,1.99,0.07,0.05,0.03,,,"                   ",,,"                   ",,,,,,
145,"HIP7643  ","HD10142 "," ",5010675118584277248,24.6145,-36.5283,0.964,0.006,,"2018A&A...616A..68G",,,9.75,0.03,G,0.024,15.119,0.332,15.167,0.308,4705,28,0.6,49.87,1.057,10.63,0.074,1.162,0.212,0.831,0.115,2.38,0.1,-0.13,0.04,,,"                   ",,,"                   ",,,,,,
146,"HIP76976 ","HD140283"," ",6268770373590148224,235.7629,-10.9335,0.327,0.005,,"2018MNRAS.475L..81K",1,1,16.3,0.03,G,0.058,3.94,0.014,3.995,0.015,5788,45,0.8,4.699,0.024,2.157,0.033,0.769,0.0,1.183,0.238,3.75,0.09,-2.48,0.03,,,"                   ",,,"                   ",,,,,,
147,"HIP77052 ","HD140538","* psi Ser",4423865487962417024,236.0076,2.5152,0.597,0.015,,"2013ApJ...771...40B",,,67.6,0.04,G,0.008,12.209,0.506,12.235,0.486,5667,91,1.6,0.837,0.033,0.95,0.024,0.956,0.037,0.995,0.03,4.47,0.04,0.05,0.01,,,"                   ",,,"                   ",,,,,,
148,"HIP78072 ","HD142860","* gam Ser",1193030490492925824,239.1133,15.6616,1.217,0.005,,"2012ApJ...746..101B",,,89.56,0.18,G,0.0,78.442,0.41,77.475,0.43,6296,16,0.2,3.019,0.021,1.461,0.007,1.144,0.026,1.118,0.006,4.16,0.01,-0.18,0.01,,,"                   ",,,"                   ",,,,,,
149,"HIP79672 ","HD146233","*  18 Sco",4345775217221821312,243.9053,-8.3694,0.676,0.006,,"2011A&A...526L...4B",1,1,70.74,0.06,G,0.008,17.624,0.184,17.509,0.174,5824,30,0.5,1.094,0.011,1.027,0.009,0.992,0.014,1.041,0.016,4.42,0.01,0.03,0.01,133.4,1.3,"2010MNRAS.405.1907B",3170.0,158.5,"2011A&A...526L...4B",4.44,0.05,1.036,0.056,1.057,0.035
150,"HIP7981  ","HD10476 ","* 107 Psc",96331172942614528,25.624,20.2685,1.0,0.004,,"2013ApJ...771...40B",,,130.82,0.15,G,0.0,23.011,1.174,23.036,1.264,5129,71,1.4,0.421,0.023,0.822,0.003,0.813,0.008,0.821,0.016,4.52,0.01,-0.04,0.01,,,"                   ",,,"                   ",,,,,,
151,"HIP80843 ","HD148897","  * s Her",1297158777130486144,247.6398,20.4792,1.917,0.045,,"2021ApJ...922..163V",,,4.71,0.08,G,0.095,39.85,0.449,39.069,0.387,4227,51,1.2,550.47,19.477,43.76,1.268,0.866,0.064,0.945,0.119,1.11,0.07,-0.92,0.1,,,"                   ",,,"                   ",,,,,,
152,"HIP8102  ","HD10700 ","* tau Cet",2452378776434477184,26.017,-15.9375,2.054,0.011,,"2020MNRAS.493.2377R",1,1,273.81,0.17,G,0.0,120.052,0.458,119.184,0.455,5397,15,0.3,0.497,0.002,0.806,0.004,0.748,0.002,0.75,0.01,4.5,0.01,-0.51,0.01,169.3,0.3,"2010MNRAS.405.1907B",4490.0,224.5,"2009A&A...494..237T",4.58,0.05,0.882,0.053,0.766,0.013
153,"HIP81300 ","HD149661","*  12 Oph",4358031335898505472,249.0894,-2.3246,0.724,0.011,,"2012ApJ...757..112B",,,101.07,0.05,G,0.0,15.032,0.25,14.923,0.247,5408,47,0.9,0.457,0.008,0.77,0.012,0.896,0.01,0.91,0.007,4.62,0.02,0.03,0.01,,,"                   ",,,"                   ",,,,,,
154,"HIP8159  ","HD10697 ","* 109 Psc",95652018353917056,26.2326,20.0831,0.547,0.012,,"2013ApJ...771...40B",,,30.19,0.04,G,0.015,8.71,0.084,8.711,0.088,5438,61,1.1,2.987,0.031,1.948,0.043,1.143,0.008,1.284,0.226,3.94,0.08,0.14,0.01,,,"                   ",,,"                   ",,,,,,
155,"HIP81693 ","HD150680","* zet Her A",,250.3215,31.6027,2.367,0.051,,"2003AJ....126.2502M",,,93.32,0.47,H,0.0,207.792,11.224,205.396,10.395,5760,96,1.7,7.372,0.38,2.727,0.06,1.438,0.016,1.393,0.017,3.72,0.03,0.03,0.02,43.0,0.5,"2010A&A...509A..77K",700.0,50.0,"2010A&A...509A..77K",3.78,0.08,2.189,0.091,2.055,0.145
156,"HIP83000 ","HD153210","* kap Oph",4444057469252265984,254.4171,9.375,3.608,0.041,,"2016ApJS..227....4H",,,37.11,0.2,G,0.025,179.455,8.944,177.604,9.927,4499,68,1.5,40.31,2.294,10.453,0.131,1.04,0.07,1.49,0.196,2.49,0.07,0.02,0.03,,,"                   ",34.8,2.5,"2008ApJ...674L..53S",2.43,0.08,,,,
157,"HIP8362  ","HD10780 "," ",512167948043650816,26.9368,63.8525,0.763,0.018,,"2012ApJ...746..101B",,,99.59,0.04,G,0.0,15.36,0.585,15.217,0.526,5293,77,1.5,0.48,0.017,0.824,0.019,0.858,0.027,0.887,0.025,4.55,0.03,0.03,0.02,,,"                   ",,,"                   ",,,,,,
158,"HIP8404  ","HD11037 "," ",2512824943566639232,27.1084,3.6855,0.89,0.019,,"2020A&A...639A..67N",,,8.83,0.05,G,0.027,14.352,0.328,14.401,0.338,4834,59,1.2,57.732,1.505,10.837,0.239,1.054,0.232,0.813,0.353,2.33,0.21,-0.13,0.04,,,"                   ",,,"                   ",,,,,,
159,"HIP84862 ","HD157214","* w Her",1333760419707327744,260.1649,32.4677,0.725,0.012,,"2013ApJ...771...40B",,,68.56,0.06,G,0.008,20.249,0.131,20.142,0.149,5825,49,0.8,1.339,0.01,1.137,0.019,0.847,0.005,0.858,0.029,4.26,0.03,-0.39,0.01,,,"                   ",,,"                   ",,,,,,
160,"HIP84950 ","HD157681"," ",1419240920415509376,260.439,53.4204,1.908,0.013,,"2016AJ....152...66B",,,4.23,0.04,G,0.057,34.623,0.677,34.533,0.596,4108,23,0.6,603.24,15.449,48.497,0.565,1.68,0.077,2.184,0.08,1.35,0.03,-0.23,0.03,,,"                   ",,,"                   ",,,,,,
161,"HIP85235 ","HD158633"," ",1637110042813188608,261.2504,67.3067,0.573,0.01,,"2013ApJ...771...40B",,,78.19,0.02,G,0.007,7.936,0.15,7.917,0.145,5188,51,1.0,0.405,0.007,0.788,0.014,0.732,0.006,0.739,0.009,4.51,0.02,-0.46,0.01,,,"                   ",,,"                   ",,,,,,
162,"HIP85258 ","HD157244","* bet Ara",5922444483103229952,261.3249,-55.53,5.997,0.037,,"2015A&A...582A..49H",1,,4.56,0.21,G,0.193,411.625,4.89,384.151,4.083,4232,17,0.4,5774.458,535.388,141.398,6.57,7.889,0.412,5.891,0.068,0.97,0.06,0.5,0.1,,,"                   ",,,"                   ",,,,,,
163,"HIP86614 ","HD162003","* psi01 Dra A",1651268660203160448,265.4837,72.1489,0.949,0.025,,"2012ApJ...746..101B",,,43.95,0.86,G,0.013,37.421,0.965,37.219,1.045,5936,89,1.5,6.023,0.29,2.322,0.076,1.331,0.02,1.293,0.019,3.82,0.04,0.01,0.03,,,"                   ",,,"                   ",,,,,,
164,"HIP86742 ","HD161096","* bet Oph",4473334474604992384,265.8681,4.5673,4.498,0.032,,"2016ApJS..227....4H",,,39.23,0.2,G,0.025,295.204,2.381,295.74,2.026,4577,18,0.4,60.064,0.738,12.327,0.108,0.825,0.115,1.665,0.124,2.33,0.07,0.06,0.04,4.1,0.2,"2010A&A...509A..77K",46.0,2.5,"2010A&A...509A..77K",2.55,0.06,14.103,1.379,1.725,0.174
165,"HIP86796 ","HD160691","* mu. Ara",5945941905576552064,266.0362,-51.8349,0.763,0.015,1,"2015A&A...582A..49H",1,1,64.09,0.09,G,0.009,24.828,0.256,24.694,0.241,5974,61,1.0,1.879,0.019,1.28,0.025,1.17,0.018,1.201,0.019,4.3,0.03,0.29,0.01,90.0,1.0,"2010MNRAS.405.1907B",2000.0,100.0,"2005A&A...440..609B",4.25,0.06,1.454,0.067,0.931,0.059
166,"HIP86974 ","HD161797","* mu. Her",4594497769766809216,266.6147,27.7207,1.88,0.008,,"2018AJ....155...30B",,,119.92,0.15,G,0.0,122.135,0.841,121.215,0.885,5665,16,0.3,2.635,0.02,1.686,0.007,1.123,0.005,1.194,0.115,4.05,0.04,0.25,0.01,64.2,0.2,"2017ApJ...836..142G",1216.0,11.0,"2017ApJ...836..142G",4.02,0.01,1.692,0.014,1.081,0.016
167,"HIP87808 ","HD163770","* tet Her",4609802834185436928,269.0633,37.2505,3.15,0.003,,"2009MNRAS.394.1925V",,,4.1,0.12,G,0.052,130.19,2.544,129.351,2.6,4448,23,0.5,2405.144,148.856,82.604,2.419,5.754,0.338,5.89,0.066,1.37,0.04,-0.03,0.15,,,"                   ",,,"                   ",,,,,,
168,"HIP87833 ","HD164058","* gam Dra",,269.1515,51.4889,9.86,0.128,,"2003AJ....126.2502M",,,21.14,0.1,H,0.019,843.48,14.569,843.677,15.565,4018,32,0.8,590.072,12.234,50.147,0.693,1.791,0.098,2.177,0.146,1.33,0.04,-0.08,0.08,,,"                   ",,,"                   ",,,,,,
169,"HIP88348 ","HD164922"," ",4582680493669880704,270.6286,26.313,0.412,0.01,,"2016ApJ...830...46F",,,45.52,0.02,G,0.017,4.776,0.006,4.778,0.006,5392,66,1.2,0.721,0.001,0.973,0.024,0.904,0.016,0.944,0.03,4.43,0.03,0.18,0.02,,,"                   ",,,"                   ",,,,,,
170,"HIP8837  ","HD11695 ","* psi Phe",4942522955488925696,28.4108,-46.3031,8.13,0.2,,"2004A&A...413..711W",1,,9.75,0.17,G,0.021,,,281.045,59.688,3362,183,5.4,924.072,198.882,89.652,2.703,0.769,0.038,0.842,0.076,0.44,0.06,-1.24,0.24,,,"                   ",,,"                   ",,,,,,
171,"HIP89047 ","HD167042"," ",2149564787289902848,272.6318,54.2866,0.831,0.007,,"2020A&A...640A...2S",,,20.13,0.03,G,0.02,14.213,0.617,14.227,0.717,4987,66,1.3,10.974,0.554,4.438,0.037,1.434,0.098,2.351,0.3,3.41,0.06,0.04,0.02,17.17,0.07,"2022AJ....164..135H",249.2,12.5,"2022AJ....164..135H",3.3,0.06,4.548,0.08,1.412,0.037
172,"HIP8928  ","HD11977 ","* eta02 Hyi",4697508196671120000,28.7339,-67.6473,1.528,0.013,,"2018A&A...616A..68G",,,14.74,0.09,G,0.016,44.618,0.698,44.435,0.793,4890,30,0.6,63.925,1.382,11.145,0.117,1.514,0.113,2.277,0.177,2.61,0.05,-0.15,0.02,,,"                   ",,,"                   ",,,,,,
173,"HIP89348 ","HD168151","*  36 Dra",2161275788716592256,273.4743,64.3973,0.664,0.014,,"2016A&A...586A..94L",,,43.18,0.09,G,0.014,27.368,0.036,27.332,0.041,6569,69,1.1,4.582,0.02,1.653,0.035,1.243,0.036,1.185,0.015,4.09,0.03,-0.29,0.02,,,"                   ",,,"                   ",,,,,,
174,"HIP89962 ","HD168723","* eta Ser",4269932382607207040,275.3275,-2.8988,3.062,0.048,,"2016ApJS..227....4H",,,52.44,0.2,G,0.015,166.727,4.074,165.814,3.82,4801,47,1.0,18.847,0.457,6.278,0.101,1.006,0.054,1.411,0.101,2.92,0.04,-0.2,0.02,10.1,0.3,"2010A&A...517A..22M",125.0,6.3,"2004ESASP.559..113B",2.99,0.05,6.468,0.391,1.383,0.106
175,"HIP90344 ","HD170693","*  42 Dra",2256800156349110528,276.4964,65.5635,2.041,0.043,,"2010ApJ...710.1365B",,,11.06,0.08,G,0.029,50.502,0.297,50.423,0.266,4367,46,1.1,128.841,1.984,19.841,0.442,0.893,0.026,1.197,0.066,1.86,0.04,-0.45,0.02,1.57,0.02,"2022AJ....164..135H",10.0,0.3,"2022AJ....164..135H",1.88,0.04,20.401,0.532,1.055,0.075
176,"HIP9094  ","HD11964 "," ",2462426800883134336,29.29,-10.2424,0.607,0.015,,"2013ApJ...771...40B",,,29.82,0.02,G,0.01,8.165,0.008,8.179,0.008,5082,63,1.2,2.875,0.005,2.189,0.054,1.124,0.015,1.596,0.291,3.88,0.08,0.11,0.01,,,"                   ",,,"                   ",,,,,,
177,"HIP91949 ","HD173701"," ",2117279002732678656,281.1463,43.8333,0.332,0.006,,"2012ApJ...760...32H",,,37.01,0.02,G,0.019,2.923,0.004,2.928,0.004,5315,48,0.9,0.668,0.001,0.964,0.017,0.904,0.011,0.971,0.028,4.44,0.03,0.3,0.02,149.2,1.8,"2019MNRAS.489.1753Y",3574.7,11.4,"2017ApJ...835..172L",4.47,0.01,0.892,0.022,1.094,0.065
178,"HIP92043 ","HD173667","* 110 Her",4530744134231683840,281.4155,20.5463,1.0,0.006,,"2012ApJ...746..101B",,,51.67,0.12,G,0.011,57.066,0.161,56.758,0.19,6426,20,0.3,6.645,0.038,2.081,0.013,1.452,0.029,1.394,0.076,3.95,0.03,-0.04,0.02,,,"                   ",,,"                   ",,,,,,
179,"HIP92167 ","HD175305"," ",2268048503896398720,281.7768,74.7254,0.484,0.006,,"2020A&A...640A..25K",,1,6.41,0.01,G,0.035,4.49,0.005,4.503,0.006,4902,30,0.6,34.258,0.115,8.118,0.101,0.795,0.007,0.846,0.011,2.53,0.02,-1.45,0.03,5.86,0.02,"2022AJ....164..135H",52.2,0.4,"2022AJ....164..135H",2.62,0.01,8.107,0.061,1.007,0.038
180,"HIP92512 ","HD175306","* omi Dra",2156134953382133632,282.8004,59.3883,2.189,0.007,,"2015ApJ...809..159R",,,9.57,0.2,G,0.052,63.334,1.117,63.357,1.213,4464,23,0.5,216.225,9.941,24.593,0.52,1.109,0.102,1.588,0.15,1.78,0.06,-0.53,0.05,,,"                   ",6.6,0.3,"2022AJ....164..135H",1.7,0.05,,,,
181,"HIP92984 ","HD175726"," ",4281201414717499520,284.1549,4.2651,0.346,0.007,,"2012ApJ...760...32H",,,37.65,0.03,G,0.023,5.408,0.02,5.411,0.02,6070,62,1.0,1.193,0.005,0.988,0.02,1.069,0.019,1.081,0.015,4.48,0.03,-0.04,0.03,97.2,0.5,"2009A&A...506...33M",1915.0,200.0,"2009A&A...506...33M",4.23,0.11,1.203,0.099,0.499,0.031
182,"HIP93427 ","HD177153"," ",2103877089862772352,285.4153,41.4901,0.289,0.006,,"2012ApJ...760...32H",,,24.18,0.01,G,0.025,3.62,0.005,3.642,0.005,6016,63,1.0,1.947,0.003,1.285,0.027,1.04,0.019,1.057,0.018,4.24,0.03,-0.05,0.02,103.9,0.3,"2019MNRAS.489.1753Y",2248.6,4.6,"2017ApJ...835..172L",4.3,0.01,1.231,0.01,1.255,0.079
183,"HIP93429 ","HD176678","* 12 Aql",4254220979971917056,285.4201,-5.7391,2.463,0.012,,"2018AJ....155...30B",,,21.57,0.22,G,0.033,84.131,7.751,82.189,7.63,4491,105,2.3,55.214,5.248,12.277,0.139,1.085,0.105,1.185,0.282,2.31,0.11,-0.08,0.07,,,"                   ",,,"                   ",,,,,,
184,"HIP9440  ","HD12438 ","* pi. For",5020586872310485632,30.3113,-30.0018,1.091,0.016,,"2018A&A...616A..68G",,,11.27,0.07,G,0.016,23.877,0.346,23.864,0.388,4954,42,0.8,58.725,1.201,10.408,0.166,1.425,0.233,0.89,0.051,2.45,0.08,-0.58,0.02,,,"                   ",,,"                   ",,,,,,
185,"HIP94755 ","HD181096"," ",2127789646700855040,289.2141,46.9991,0.443,0.007,,"2019MNRAS.489..928S",,,23.82,0.02,G,0.022,10.858,0.028,10.893,0.027,6390,51,0.8,6.001,0.018,2.0,0.032,1.297,0.052,1.241,0.061,3.94,0.03,-0.25,0.02,53.92,0.2,"2019MNRAS.489..928S",960.0,15.0,"2019MNRAS.489..928S",3.94,0.02,2.011,0.024,1.273,0.061
186,"HIP95362 ","HD182736"," ",2126261703496964096,291.0141,44.9335,0.436,0.003,,"2012ApJ...760...32H",,,17.31,0.01,G,0.026,4.863,0.008,4.876,0.012,5268,18,0.3,5.086,0.014,2.708,0.019,1.339,0.009,1.871,0.294,3.77,0.07,-0.11,0.02,34.7,0.17,"2014A&A...572L...5M",566.9,2.3,"2017ApJ...844..102H",3.67,0.01,2.603,0.026,1.31,0.03
187,"HIP95447 ","HD182572","* b Aql",4315804351350378496,291.2425,11.9444,0.845,0.025,,"2012ApJ...746..101B",,,67.02,0.07,G,0.008,24.738,0.142,24.629,0.146,5673,84,1.5,1.714,0.011,1.356,0.04,1.068,0.023,1.134,0.025,4.22,0.04,0.38,0.01,,,"                   ",,,"                   ",,,,,,
188,"HIP96014 ","HD184293"," ",2135864391374790784,292.8305,50.3067,1.548,0.022,,"2016AJ....152...66B",,,7.1,0.05,G,0.036,28.129,0.721,28.205,0.746,4336,42,1.0,174.886,5.242,23.442,0.372,0.992,0.068,1.574,0.133,1.79,0.05,-0.35,0.04,,,"                   ",,,"                   ",,,,,,
189,"HIP96100 ","HD185144","* sig Dra",2261614264931057664,293.09,69.6612,1.254,0.011,,"2012ApJ...746..101B",,,173.49,0.07,G,0.0,41.275,0.173,40.976,0.181,5289,24,0.5,0.426,0.002,0.777,0.007,0.777,0.008,0.808,0.018,4.56,0.02,-0.21,0.01,,,"                   ",,,"                   ",,,,,,
190,"HIP96441 ","HD185395","* tet Cyg",2135110401277424384,294.1106,50.2211,0.749,0.007,,"2016A&A...586A..94L",,,54.27,0.09,G,0.013,42.774,0.102,42.693,0.098,6914,33,0.5,4.531,0.018,1.484,0.014,1.389,0.016,1.394,0.022,4.24,0.01,-0.03,0.03,83.9,0.4,"2016ApJ...831...17G",1829.0,54.0,"2016ApJ...831...17G",4.24,0.03,1.646,0.04,1.26,0.038
191,"HIP96837 ","HD185958","* bet Sge",1823991938314881152,295.2622,17.476,1.764,0.012,,"2009MNRAS.394.1925V",,,7.38,0.11,G,0.071,64.802,0.563,64.253,0.494,4990,20,0.4,368.739,11.352,25.699,0.421,3.755,0.05,3.865,0.103,2.2,0.02,0.0,0.03,,,"                   ",,,"                   ",,,,,,
192,"HIP96895 ","HD186408","*  16 Cyg A",2135550755683405952,295.454,50.5251,0.539,0.007,,"2013MNRAS.433.1262W",,,47.32,0.02,G,0.016,11.313,0.075,11.321,0.073,5849,39,0.7,1.58,0.01,1.225,0.016,1.019,0.012,1.048,0.014,4.28,0.02,0.08,0.01,103.4,1.0,"2019MNRAS.489.1753Y",2188.5,4.6,"2017ApJ...835..172L",4.28,0.01,1.193,0.024,1.076,0.047
193,"HIP96901 ","HD186427","*  16 Cyg B",2135550755683407232,295.4666,50.5175,0.49,0.006,,"2013MNRAS.433.1262W",,,47.35,0.02,G,0.016,9.089,0.01,9.091,0.01,5807,36,0.6,1.267,0.002,1.113,0.014,0.99,0.012,1.03,0.014,4.35,0.02,0.07,0.01,116.7,1.2,"2019MNRAS.489.1753Y",2561.3,5.6,"2017ApJ...835..172L",4.35,0.01,1.092,0.023,1.028,0.043
194,"HIP97527 ","HD187637"," ",2076894387328378240,297.3256,41.5825,0.231,0.006,,"2012ApJ...760...32H",,,19.05,0.02,G,0.03,2.67,0.004,2.688,0.003,6236,81,1.3,2.315,0.006,1.304,0.034,1.125,0.024,1.124,0.022,4.26,0.03,-0.09,0.02,105.7,0.02,"2017ApJ...835..172L",2364.2,4.9,"2017ApJ...835..172L",4.33,0.01,1.273,0.009,1.356,0.106
195,"HIP98036 ","HD188512","* bet Aql",4296708789290712064,298.8283,6.4068,2.133,0.012,,"2020MNRAS.493.2377R",,,73.52,0.14,G,0.0,102.48,0.356,101.653,0.404,5090,15,0.3,5.878,0.032,3.119,0.019,1.264,0.025,1.828,0.332,3.63,0.08,-0.15,0.02,26.0,0.65,"2015A&A...580A.141L",410.0,20.0,"2008ApJ...682.1370K",3.53,0.05,3.317,0.176,1.041,0.055
196,"HIP98269 ","HD189349"," ",2075067858006232320,299.5099,40.9268,0.417,0.005,,"2022A&A...658A..48K",,,5.02,0.01,G,0.087,4.079,0.016,4.153,0.008,5175,31,0.6,51.513,0.228,8.931,0.109,0.723,0.057,0.716,0.006,2.39,0.04,-0.59,0.03,4.24,0.05,"2014A&A...572L...5M",29.3,0.5,"2018ApJS..236...42Y",2.38,0.02,8.932,0.213,0.702,0.03
197,"HIP98337 ","HD189319","* gam Sge",1823067317695766784,299.6893,19.4921,6.089,0.011,,"2021AJ....162..198B",1,1,11.34,0.17,G,0.048,286.843,7.625,286.721,8.733,3904,30,0.8,696.903,29.786,57.731,0.872,1.165,0.063,1.7,0.091,1.06,0.04,-0.26,0.06,,,"                   ",,,"                   ",,,,,,
198,"HIP98624 ","HD188887","* mu.02 Pav",6427311635257037056,300.4686,-66.944,1.595,0.011,,"2018A&A...616A..68G",,,13.6,0.06,G,0.023,31.193,0.663,31.21,0.674,4381,28,0.6,52.742,1.231,12.609,0.103,1.031,0.045,1.635,0.376,2.35,0.1,0.11,0.1,,,"                   ",,,"                   ",,,,,,
199,"HIP98767 ","HD190360"," ",2029433521248546304,300.9059,29.8968,0.698,0.019,,"2016A&A...586A..94L",,,62.49,0.04,G,0.009,14.51,0.125,14.449,0.13,5463,75,1.4,1.156,0.01,1.201,0.033,0.951,0.008,0.975,0.013,4.26,0.03,0.22,0.01,,,"                   ",,,"                   ",,,,,,
200,"HIP98819 ","HD190406","*  15 Sge",1821708351374312064,301.0259,17.0702,0.584,0.01,,"2012ApJ...751...97C",,,56.27,0.04,G,0.01,13.123,0.04,13.073,0.04,5825,50,0.9,1.29,0.004,1.116,0.019,0.991,0.018,1.028,0.02,4.35,0.02,0.05,0.02,,,"                   ",,,"                   ",,,,,,
201,"HIP99663 ","HD192781"," ",2237040042612803328,303.3651,60.6406,1.859,0.002,,"2010ApJ...710.1365B",,,5.38,0.04,G,0.053,31.884,0.773,32.023,0.793,4084,25,0.6,345.809,9.987,37.151,0.279,1.081,0.062,1.478,0.09,1.4,0.04,-0.24,0.04,,,"                   ",,,"                   ",,,,,,
