sobject_id,apogee_id,match_key,match_method
161216001801394,2M04214742-6700046,04214742-6700046,2mass
161216001801118,2M04160401-6736114,04160401-6736114,2mass
220516001601276,2M12254205-0306337,12254205-0306337,2mass
131217004401021,2M08512990+1147168,08512990+1147168,2mass
201005002101080,2M22361048-0958043,22361048-0958043,2mass
201005002101321,2M22355854-0851505,22355854-0851505,2mass
151109002101062,2M01313526+0554030,01313526+0554030,2mass
140820003701078,2M04074216+1450342,04074216+1450342,2mass
131217004401255,2M08511710+1148160,08511710+1148160,2mass
150707002001266,2M16230438-2623429,16230438-2623429,2mass
170112002601022,2M06443703-6010336,06443703-6010336,2mass
170108003301055,2M07345764-6401439,07345764-6401439,2mass
170108003301181,2M07255690-6338334,07255690-6338334,2mass
161213003101122,2M04225180-6502360,04225180-6502360,2mass
171230004101179,2M05294931-5712264,05294931-5712264,2mass
230802002101339,2M18364680-2329070,18364680-2329070,2mass
161219004601094,2M07220830-6238390,07220830-6238390,2mass
150707002001138,2M16234980-2633589,16234980-2633589,2mass
140707001101218,2M16093057-2515383,16093057-2515383,2mass
201204001601121,2M00580406+0713529,00580406+0713529,2mass
230802002101347,2M18373930-2323447,18373930-2323447,2mass
151109002101161,2M01291348+0559100,01291348+0559100,2mass
230802002101310,2M18355295-2315041,18355295-2315041,2mass
161213001601317,2M04093754-6302372,04093754-6302372,2mass
131217004401320,2M08512618+1153520,08512618+1153520,2mass
230802002101396,2M18371575-2354583,18371575-2354583,2mass
200805006001280,2M01111942+0330397,01111942+0330397,2mass
140707001101390,2M16153272-2522091,16153272-2522091,2mass
230802002101072,2M18355427-2425566,18355427-2425566,2mass
131217004401283,2M08511269+1152423,08511269+1152423,2mass
200810001501234,2M23372971-0914223,23372971-0914223,2mass
171227003101202,2M05141735-5739328,05141735-5739328,2mass
140707001101148,2M16105213-2555153,16105213-2555153,2mass
150707002001170,2M16231655-2632095,16231655-2632095,2mass
140820000101266,2M16232912-2630297,16232912-2630297,2mass
161213002601383,2M04241102-6149195,04241102-6149195,2mass
170112002601097,2M06405095-6039320,06405095-6039320,2mass
131217004401360,2M08515952+1155049,08515952+1155049,2mass
230802001601342,2M16583280-0340286,16583280-0340286,2mass
150707002001036,2M16234879-2635093,16234879-2635093,2mass
161219001601316,2M04093894-6256470,04093894-6256470,2mass
161218001601020,2M04265058-7112167,04265058-7112167,2mass
230802001601121,2M16555723-0451182,16555723-0451182,2mass
140711003401295,2M22025322-0731110,22025322-0731110,2mass
131217004401341,2M08512898+1150330,08512898+1150330,2mass
161213004101152,2M05475794-5640393,05475794-5640393,2mass
170114003601138,2M06553358-5931583,06553358-5931583,2mass
161213002601083,2M04181993-6302022,04181993-6302022,2mass
200528001601285,2M13371568-1324253,13371568-1324253,2mass
160401005401381,2M17222688-2349179,17222688-2349179,2mass
131217004401393,2M08512280+1148016,08512280+1148016,2mass
161213002601308,2M04170797-6111322,04170797-6111322,2mass
170910006101348,2M04455805-6453375,04455805-6453375,2mass
201005002101267,2M22340802-0839316,22340802-0839316,2mass
201005002101172,2M22334838-0936520,22334838-0936520,2mass
171205004101077,2M06143101-6813116,06143101-6813116,2mass
220516001601304,2M12271983-0314176,12271983-0314176,2mass
170202001201061,2M06242526-5512571,06242526-5512571,2mass
161217001601145,2M04115352-6930037,04115352-6930037,2mass
150410003801116,2M16495372-2513516,16495372-2513516,2mass
170109002101347,2M04472703-7418122,04472703-7418122,2mass
170220002101179,2M05564771-6639054,05564771-6639054,2mass
201005002101057,2M22373553-0946225,22373553-0946225,2mass
171205004101021,2M06173908-6815103,06173908-6815103,2mass
151111001601087,2M22373201-0550517,22373201-0550517,2mass
170202000701021,2M06340927-7435368,06340927-7435368,2mass
140820003701075,2M04082575+1427262,04082575+1427262,2mass
141104002301259,2M22334707-1308523,22334707-1308523,2mass
170203001901104,2M06140270-6322043,06140270-6322043,2mass
171227002601192,2M05110628-7110006,05110628-7110006,2mass
200810001501223,2M23394705-0937227,23394705-0937227,2mass
170108003901013,2M07331808-7303121,07331808-7303121,2mass
170203001901041,2M06194704-6319350,06194704-6319350,2mass
201005002101103,2M22360972-0938224,22360972-0938224,2mass
200528001601383,2M13414170-1353326,13414170-1353326,2mass
140821001101210,2M16232437-2632284,16232437-2632284,2mass
160112001601022,2M08181645+1636037,08181645+1636037,2mass
200513002101357,2M07555713-0521073,07555713-0521073,2mass
200528001601041,2M13394219-1432480,13394219-1432480,2mass
161219004601175,2M07162487-6200049,07162487-6200049,2mass
180126002101145,2M06262542-0431003,06262542-0431003,2mass
201006002101212,2M23000515-0606217,23000515-0606217,2mass
201006002101018,2M23034187-0620181,23034187-0620181,2mass
170114004701165,2M06550626-6911204,06550626-6911204,2mass
150707002001029,2M16234740-2631463,16234740-2631463,2mass
171230004101014,2M05365786-5708419,05365786-5708419,2mass
180101002101233,2M05122628-6158529,05122628-6158529,2mass
140711001301385,2M16154364-2519269,16154364-2519269,2mass
160923003701399,2M03370839+2230575,03370839+2230575,2mass
161218003601087,2M04495002-6334166,04495002-6334166,2mass
171205003101230,2M06130503-5627413,06130503-5627413,2mass
170113002601213,2M05435400-6033064,05435400-6033064,2mass
170603006601087,2M19074763-2955051,19074763-2955051,2mass
151111002601161,2M03272307+1821551,03272307+1821551,2mass
131217004401339,2M08514388+1156425,08514388+1156425,2mass
170114003601149,2M06551933-5924420,06551933-5924420,2mass
140711001301183,2M16095136-2537344,16095136-2537344,2mass
161213003101117,2M04222092-6522071,04222092-6522071,2mass
180101002101113,2M05173874-6312187,05173874-6312187,2mass
171230004101223,2M05290949-5644193,05290949-5644193,2mass
171230004101358,2M05345778-5655018,05345778-5655018,2mass
160531004601202,2M19162051-2838260,19162051-2838260,2mass
171206005101077,2M06103528-5508595,06103528-5508595,2mass
170112003601185,2M07030745-6240014,07030745-6240014,2mass
200803004801295,2M23285897-0031285,23285897-0031285,2mass
160916003301364,2M01191331+1111138,01191331+1111138,2mass
201005002101230,2M22320348-0849115,22320348-0849115,2mass
150410003801068,2M16520837-2524049,16520837-2524049,2mass
140711001301090,2M16123980-2547154,16123980-2547154,2mass
171227004601155,2M05521943-5857200,05521943-5857200,2mass
161219004601205,2M07180554-6145381,07180554-6145381,2mass
170128001601048,2M05084034-5855370,05084034-5855370,2mass
170115002701109,2M06531721-6125138,06531721-6125138,2mass
210801001601169,2M16231395-2633244,16231395-2633244,2mass
171230004101312,2M05344652-5622585,05344652-5622585,2mass
171206005101097,2M06085823-5504004,06085823-5504004,2mass
171227004101146,2M05520259-5502097,05520259-5502097,2mass
170130003101206,2M06272470-5711380,06272470-5711380,2mass
150827003401235,2M22391289-1502195,22391289-1502195,2mass
160112001601315,2M08170763+1712437,08170763+1712437,2mass
171228002101020,2M05413410-6640315,05413410-6640315,2mass
180101002601356,2M05251193-6547412,05251193-6547412,2mass
160403004701399,2M13431926-1119266,13431926-1119266,2mass
161213002101015,2M04394968-7304068,04394968-7304068,2mass
161213002601072,2M04165234-6216312,04165234-6216312,2mass
230802002101069,2M18363261-2426235,18363261-2426235,2mass
171206005101044,2M06114289-5457486,06114289-5457486,2mass
200810001501340,2M23411322-0926252,23411322-0926252,2mass
230802001601362,2M16584689-0349456,16584689-0349456,2mass
150719002901241,2M22221701-1435321,22221701-1435321,2mass
151111002601385,2M03323681+1849190,03323681+1849190,2mass
210801001601170,2M16232139-2631093,16232139-2631093,2mass
161006004401369,2M00482644+0207530,00482644+0207530,2mass
200803004801086,2M23293753-0142182,23293753-0142182,2mass
170112003101359,2M07132015-7140188,07132015-7140188,2mass
140707000601172,2M15574576-2006044,15574576-2006044,2mass
160401005401193,2M17202936-2405578,17202936-2405578,2mass
201006002101054,2M23032996-0646437,23032996-0646437,2mass
160531004601089,2M19205276-2931157,19205276-2931157,2mass
171029003301343,2M00074341-2000506,00074341-2000506,2mass
151009002101259,2M19211394-2147396,19211394-2147396,2mass
150719002901018,2M22253068-1509428,22253068-1509428,2mass
201204003101263,2M07011045-2124132,07011045-2124132,2mass
171230004101003,2M05380774-5706213,05380774-5706213,2mass
161219004101284,2M05522862-6755310,05522862-6755310,2mass
171228002101032,2M05413709-6647073,05413709-6647073,2mass
170114003101210,2M06213574-6349443,06213574-6349443,2mass
171208003101063,2M06040248-5651168,06040248-5651168,2mass
170202001201197,2M06182605-5452456,06182605-5452456,2mass
140820003701112,2M04061343+1425259,04061343+1425259,2mass
210916001601173,2M18024168-4715255,18024168-4715255,2mass
140820003701122,2M04054374+1431504,04054374+1431504,2mass
160112001601035,2M08185712+1629371,08185712+1629371,2mass
170114003601324,2M07002386-5816539,07002386-5816539,2mass
200810001101233,2M23151003-0627224,23151003-0627224,2mass
161218002601168,2M04310525-6944234,04310525-6944234,2mass
171230002601310,2M05124484-6012185,05124484-6012185,2mass
160602001601030,2M13305891-1118472,13305891-1118472,2mass
170130002601103,2M06353842-5609202,06353842-5609202,2mass
150901002401320,2M22085917-1412052,22085917-1412052,2mass
170202000701155,2M06215575-7424202,06215575-7424202,2mass
140707003101241,2M22270194-0651292,22270194-0651292,2mass
210711004401097,2M23242000-0943438,23242000-0943438,2mass
200528001601031,2M13405758-1432188,13405758-1432188,2mass
160519006001038,2M18105768-4313377,18105768-4313377,2mass
160531004601051,2M19215151-2903223,19215151-2903223,2mass
171230002601177,2M05073884-6045250,05073884-6045250,2mass
161213004101261,2M05452332-5604040,05452332-5604040,2mass
150411006101381,2M16385288-1908340,16385288-1908340,2mass
200810001101347,2M23192485-0612460,23192485-0612460,2mass
161213002101301,2M04290257-7225291,04290257-7225291,2mass
170114005801208,2M06451618-7327077,06451618-7327077,2mass
140413004901226,2M16353613-2937292,16353613-2937292,2mass
180101002101324,2M05203427-6202275,05203427-6202275,2mass
210801001601059,2M16241055-2642258,16241055-2642258,2mass
151111002601312,2M03301289+1937015,03301289+1937015,2mass
210920001601107,2M18492283-3122013,18492283-3122013,2mass
151111002601342,2M03305441+1908236,03305441+1908236,2mass
171205004601146,2M06075264-5907203,06075264-5907203,2mass
171031003301017,2M06175279-1849040,06175279-1849040,2mass
161217003101024,2M04384244-6308425,04384244-6308425,2mass
171227003601001,2M05523639-6451357,05523639-6451357,2mass
200528001601234,2M13355333-1349461,13355333-1349461,2mass
171227004601193,2M05532772-5837463,05532772-5837463,2mass
171031003301354,2M06175689-1810035,06175689-1810035,2mass
170115002701331,2M06552231-6040071,06552231-6040071,2mass
171227002601010,2M05202897-7111549,05202897-7111549,2mass
210711004401221,2M23213279-0850579,23213279-0850579,2mass
210801001601116,2M16234632-2632272,16234632-2632272,2mass
131216001601019,2M06451918-0103013,06451918-0103013,2mass
161213005101121,2M07120067-5901100,07120067-5901100,2mass
170113003301369,2M06323177-5841532,06323177-5841532,2mass
170203001901142,2M06112075-6319056,06112075-6319056,2mass
200529001801191,2M12023990-0023219,12023990-0023219,2mass
170115002701342,2M06570447-6036100,06570447-6036100,2mass
140820003701237,2M04034842+1551272,04034842+1551272,2mass
170107002101399,2M05050891-7256078,05050891-7256078,2mass
161217001601073,2M04170209-6908088,04170209-6908088,2mass
170114003601074,2M07004607-5945534,07004607-5945534,2mass
171227004601120,2M05543187-5907342,05543187-5907342,2mass
160112001601344,2M08180848+1712198,08180848+1712198,2mass
170112002601327,2M06420464-5929250,06420464-5929250,2mass
150827003401221,2M22400794-1520103,22400794-1520103,2mass
171031003301112,2M06150694-1905167,06150694-1905167,2mass
151008002101033,2M19350906-2756550,19350906-2756550,2mass
160112001601068,2M08183161+1600026,08183161+1600026,2mass
230511004001096,2M19155340-6036322,19155340-6036322,2mass
150827003401045,2M22432299-1549395,22432299-1549395,2mass
161213004601121,2M06264054-7008321,06264054-7008321,2mass
151111002601076,2M03303769+1750078,03303769+1750078,2mass
171227003601353,2M05562938-6412242,05562938-6412242,2mass
180101002101339,2M05214524-6202462,05214524-6202462,2mass
171205003101209,2M06141137-5645143,06141137-5645143,2mass
170115002701362,2M06553378-6100120,06553378-6100120,2mass
180603003201392,2M18355857-3010171,18355857-3010171,2mass
171031003301396,2M06174037-1837006,06174037-1837006,2mass
171227002601191,2M05124758-7107062,05124758-7107062,2mass
180101002601116,2M05183681-6647566,05183681-6647566,2mass
170219002101025,2M06085664-7246310,06085664-7246310,2mass
170114003101084,2M06293680-6410285,06293680-6410285,2mass
140608003101117,2M15584868-2308175,15584868-2308175,2mass
171227004601243,2M05523188-5812147,05523188-5812147,2mass
161219003101042,2M04541738-5951429,04541738-5951429,2mass
160401002101263,2M08395506+2003541,08395506+2003541,2mass
170109004301047,2M07233112-7035033,07233112-7035033,2mass
201202001601134,2M23294581-1156503,23294581-1156503,2mass
230214001601265,2M06410204+0630471,06410204+0630471,2mass
200513002101258,2M07534131-0506186,07534131-0506186,2mass
170603007701171,2M22075828-1055391,22075828-1055391,2mass
160531004601036,2M19222345-2857396,19222345-2857396,2mass
161106002101148,2M23503253-0421008,23503253-0421008,2mass
171205004101119,2M06105618-6853278,06105618-6853278,2mass
160330001601066,2M07352688+0335058,07352688+0335058,2mass
171205003101093,2M06174336-5733027,06174336-5733027,2mass
160123001601103,2M07193630-3954467,07193630-3954467,2mass
170203001601370,2M05022109+2451495,05022109+2451495,2mass
170109001601048,2M06545020-7615577,06545020-7615577,2mass
160330001601252,2M07320712+0443370,07320712+0443370,2mass
171031003301392,2M06171930-1836156,06171930-1836156,2mass
200528001601137,2M13354882-1453240,13354882-1453240,2mass
160403004701241,2M13373091-1055392,13373091-1055392,2mass
170509003701165,2M17055566-2451464,17055566-2451464,2mass
161219003601274,2M05504551-7402128,05504551-7402128,2mass
170108003901034,2M07344879-7320104,07344879-7320104,2mass
151111002601338,2M03312277+1920400,03312277+1920400,2mass
170108002701277,2M07084482-5939086,07084482-5939086,2mass
171206004601256,2M06061250-7008216,06061250-7008216,2mass
170114005801352,2M06495058-7321392,06495058-7321392,2mass
161213003601040,2M05034431-6211128,05034431-6211128,2mass
160331002701311,2M08530906+1731362,08530906+1731362,2mass
171031003301135,2M06144350-1857114,06144350-1857114,2mass
170107003601111,2M07380987-7138477,07380987-7138477,2mass
230802002101337,2M18362025-2333225,18362025-2333225,2mass
160531004601039,2M19224557-2904143,19224557-2904143,2mass
170203001901322,2M06173261-6209151,06173261-6209151,2mass
210801001601044,2M16241292-2636190,16241292-2636190,2mass
170115002201145,2M04591653-6949088,04591653-6949088,2mass
160401002101147,2M08385506+1911539,08385506+1911539,2mass
161219003601015,2M06031224-7440599,06031224-7440599,2mass
131216001601012,2M06444455-0059448,06444455-0059448,2mass
161006004401390,2M00492861+0201093,00492861+0201093,2mass
171230002601312,2M05135324-5934282,05135324-5934282,2mass
170603007701177,2M22065991-1058379,22065991-1058379,2mass
210916001601171,2M18021986-4718349,18021986-4718349,2mass
161217003101106,2M04315212-6322429,04315212-6322429,2mass
170112003601061,2M07094423-6321436,07094423-6321436,2mass
201006002101348,2M23031470-0542025,23031470-0542025,2mass
170112002601138,2M06365618-6035403,06365618-6035403,2mass
170113002601221,2M05415064-6022530,05415064-6022530,2mass
170115002701133,2M06530701-6109243,06530701-6109243,2mass
140707000601083,2M16001836-2043511,16001836-2043511,2mass
161213003601337,2M05030009-6118377,05030009-6118377,2mass
160108002001063,2M03575796+2438377,03575796+2438377,2mass
201005002101147,2M22345944-0940080,22345944-0940080,2mass
140117001501065,2M06042270+0702374,06042270+0702374,2mass
131217004401083,2M08512156+1146061,08512156+1146061,2mass
170603007701294,2M22100965-1015403,22100965-1015403,2mass
171227003601211,2M05443794-6445377,05443794-6445377,2mass
170111001601304,2M07203942-6539321,07203942-6539321,2mass
170418001601004,2M09524471-3947412,09524471-3947412,2mass
140708005301318,2M22124547-0604469,22124547-0604469,2mass
161218003601153,2M04442111-6401395,04442111-6401395,2mass
200803004801123,2M23274665-0157071,23274665-0157071,2mass
160401005401198,2M17203403-2404109,17203403-2404109,2mass
161219002601117,2M04455314-7136456,04455314-7136456,2mass
150427002801124,2M15584159-2622432,15584159-2622432,2mass
170109003301068,2M07375510-6109028,07375510-6109028,2mass
160923003701338,2M03362651+2308092,03362651+2308092,2mass
170509003701359,2M17102850-2413549,17102850-2413549,2mass
170202001201274,2M06205409-5418395,06205409-5418395,2mass
171228002101026,2M05434720-6644121,05434720-6644121,2mass
140713001901306,2M16132442-2509433,16132442-2509433,2mass
171205003101271,2M06143567-5559359,06143567-5559359,2mass
151109003601165,2M06435956-2600053,06435956-2600053,2mass
170202000701053,2M06322621-7455046,06322621-7455046,2mass
180101002601352,2M05213286-6553329,05213286-6553329,2mass
170108002701280,2M07083277-5929135,07083277-5929135,2mass
170113002601277,2M05462289-5956213,05462289-5956213,2mass
160403004201176,2M13220033-1647570,13220033-1647570,2mass
170109004301224,2M07115207-6957333,07115207-6957333,2mass
170219002601037,2M06273206-6643006,06273206-6643006,2mass
160531005101333,2M22011256-1226407,22011256-1226407,2mass
200529003801251,2M12390813-0123134,12390813-0123134,2mass
170506005901276,2M19102577-2249078,19102577-2249078,2mass
161218002101288,2M04371714-6645347,04371714-6645347,2mass
160513001101342,2M12091003-5049059,12091003-5049059,2mass
171104003301154,2M07254098+0342001,07254098+0342001,2mass
170220002101338,2M06052922-6544192,06052922-6544192,2mass
151111002601341,2M03315520+1926158,03315520+1926158,2mass
161106002101332,2M23521292-0350575,23521292-0350575,2mass
170130003601233,2M06154771-6039406,06154771-6039406,2mass
170108003301032,2M07373676-6354068,07373676-6354068,2mass
170115002701360,2M07001631-6033192,07001631-6033192,2mass
161218003101188,2M04330773-5907281,04330773-5907281,2mass
131217004401366,2M08514235+1151230,08514235+1151230,2mass
191106003301271,2M02144300-7322582,02144300-7322582,2mass
131216001601108,2M06425158-0113010,06425158-0113010,2mass
140314005201383,2M13304466-4717461,13304466-4717461,2mass
151111001601358,2M22383913-0457424,22383913-0457424,2mass
160106001601181,2M03435880+2352578,03435880+2352578,2mass
170130003101180,2M06254002-5728593,06254002-5728593,2mass
160401005401071,2M17223157-2426079,17223157-2426079,2mass
170114003601398,2M07030969-5859297,07030969-5859297,2mass
170203001901085,2M06163119-6346386,06163119-6346386,2mass
180101003601222,2M05143164-7343492,05143164-7343492,2mass
170130003601011,2M06275976-6109372,06275976-6109372,2mass
160401002101071,2M08405252+1928595,08405252+1928595,2mass
171208003101108,2M06020865-5706088,06020865-5706088,2mass
170130003601021,2M06242495-6109306,06242495-6109306,2mass
160401002101249,2M08400062+1948235,08400062+1948235,2mass
160108002001084,2M03573726+2425332,03573726+2425332,2mass
161228002501014,2M08295494+1646492,08295494+1646492,2mass
160108002001253,2M03563618+2509342,03563618+2509342,2mass
151008002101028,2M19350384-2753159,19350384-2753159,2mass
150603004801333,2M22271694-1050384,22271694-1050384,2mass
200803005801114,2M23185887-0345203,23185887-0345203,2mass
170115002701177,2M06460962-6127365,06460962-6127365,2mass
160403004201043,2M13263172-1657057,13263172-1657057,2mass
161104004801089,2M06271176-1539551,06271176-1539551,2mass
170130003601070,2M06234016-6142419,06234016-6142419,2mass
210125002201019,2M07280454-2613028,07280454-2613028,2mass
151008004001247,2M04213214+1845443,04213214+1845443,2mass
170220002101037,2M06034782-6646437,06034782-6646437,2mass
170110002101006,2M07044989-6702516,07044989-6702516,2mass
161219003101324,2M04564508-5856091,04564508-5856091,2mass
160401002101130,2M08395234+1918455,08395234+1918455,2mass
170109003801326,2M07252667-6727106,07252667-6727106,2mass
210711004401341,2M23255608-0834284,23255608-0834284,2mass
230206002101248,2M06391869-0146081,06391869-0146081,2mass
170114002601237,2M05354912-5825244,05354912-5825244,2mass
161219003601143,2M05480810-7454393,05480810-7454393,2mass
230103002101122,2M05541919+0731361,05541919+0731361,2mass
170107002101094,2M05023476-7314063,05023476-7314063,2mass
170130003601066,2M06231925-6130459,06231925-6130459,2mass
171031003301012,2M06180974-1847039,06180974-1847039,2mass
170108002701146,2M07052299-6059254,07052299-6059254,2mass
210202003201081,2M15205688-4211054,15205688-4211054,2mass
210801001601375,2M16254515-2620462,16254515-2620462,2mass
171208003101314,2M06031813-5611576,06031813-5611576,2mass
150831004001091,2M22324760-1737105,22324760-1737105,2mass
200529001801277,2M12054999+0008024,12054999+0008024,2mass
170112003101041,2M07134647-7220475,07134647-7220475,2mass
140707003101275,2M22275495-0638229,22275495-0638229,2mass
170107004801292,2M07110156-7356307,07110156-7356307,2mass
131217004401313,2M08512175+1152378,08512175+1152378,2mass
200824001301370,2M23143318-0024085,23143318-0024085,2mass
161008003501022,2M00524329+0534433,00524329+0534433,2mass
161115002701389,2M04495365-6615486,04495365-6615486,2mass
140413004901090,2M16355614-3005335,16355614-3005335,2mass
170219002601204,2M06105380-6608140,06105380-6608140,2mass
170115002201225,2M04533232-6901174,04533232-6901174,2mass
161218003601045,2M04544296-6358116,04544296-6358116,2mass
201005002101364,2M22355222-0859590,22355222-0859590,2mass
140710006101116,2M22171341-1315384,22171341-1315384,2mass
161228002501370,2M08294488+1703286,08294488+1703286,2mass
161213003601007,2M05061863-6157415,05061863-6157415,2mass
170115002701370,2M07010188-6041340,07010188-6041340,2mass
131217003901301,2M08511897+1158110,08511897+1158110,2mass
171228001601255,2M05502352+0043412,05502352+0043412,2mass
131217003901339,2M08513577+1153347,08513577+1153347,2mass
170112001601338,2M05083795-6355120,05083795-6355120,2mass
230803001601118,2M18063559-2526018,18063559-2526018,2mass
160106004101338,2M08521656+1119380,08521656+1119380,2mass
170109002101223,2M04322988-7408497,04322988-7408497,2mass
170113002601235,2M05444733-6023341,05444733-6023341,2mass
160923004201280,2M03335173+1651058,03335173+1651058,2mass
171207003601395,2M06135469-6440550,06135469-6440550,2mass
161006004401193,2M00425868+0149361,00425868+0149361,2mass
171230004601079,2M05275764-5522445,05275764-5522445,2mass
160401005401225,2M17185378-2342207,17185378-2342207,2mass
131217004401032,2M08514355+1144264,08514355+1144264,2mass
180101003101309,2M05270616-5840129,05270616-5840129,2mass
170112001601270,2M05043551-6317035,05043551-6317035,2mass
170112003101269,2M07040978-7128080,07040978-7128080,2mass
161219003601016,2M06042541-7443092,06042541-7443092,2mass
161009004801351,2M00572609+0355331,00572609+0355331,2mass
161219004601193,2M07175684-6150171,07175684-6150171,2mass
161105003601278,2M23482690-0705534,23482690-0705534,2mass
171205003601045,2M06185587-7639530,06185587-7639530,2mass
170108003901026,2M07400102-7324033,07400102-7324033,2mass
161213004101111,2M05471310-5723150,05471310-5723150,2mass
171206004601352,2M06160578-6952440,06160578-6952440,2mass
210125002201021,2M07272488-2612054,07272488-2612054,2mass
151109003601067,2M06452955-2559563,06452955-2559563,2mass
170113002601211,2M05420416-6032356,05420416-6032356,2mass
220217001801186,2M08105231-2008376,08105231-2008376,2mass
200803004801148,2M23280650-0122184,23280650-0122184,2mass
151111002601285,2M03283007+1934086,03283007+1934086,2mass
161217004601089,2M06453811-5841451,06453811-5841451,2mass
161213002101260,2M04270340-7244056,04270340-7244056,2mass
170116001601106,2M06350647-6220144,06350647-6220144,2mass
150412002601047,2M11270126+0431487,11270126+0431487,2mass
171227004601176,2M05515824-5845521,05515824-5845521,2mass
170114003601273,2M06552031-5810214,06552031-5810214,2mass
171230003101021,2M05285409-6803030,05285409-6803030,2mass
170109001601130,2M06410093-7632324,06410093-7632324,2mass
170603007701251,2M22074672-1002111,22074672-1002111,2mass
160106004101257,2M08495682+1141329,08495682+1141329,2mass
200803005301235,2M23133915-1035111,23133915-1035111,2mass
170107004801333,2M07175458-7402109,07175458-7402109,2mass
170107002601162,2M05330391-7646030,05330391-7646030,2mass
170219002101254,2M06003795-7219197,06003795-7219197,2mass
151009002101246,2M19203445-2145328,19203445-2145328,2mass
150827003401237,2M22385475-1501202,22385475-1501202,2mass
150718004401105,2M22153725-1730124,22153725-1730124,2mass
170115002701313,2M06545799-6040173,06545799-6040173,2mass
160109002701046,2M08180704+1343178,08180704+1343178,2mass
140820003701283,2M04062868+1549175,04062868+1549175,2mass
170114005201140,2M06544559-6523313,06544559-6523313,2mass
170114002601068,2M05412027-5859348,05412027-5859348,2mass
170130003601032,2M06255206-6122249,06255206-6122249,2mass
170109003801180,2M07123257-6827110,07123257-6827110,2mass
161217006101113,2M07410417-7010033,07410417-7010033,2mass
170830002801093,2M19164574-1635226,19164574-1635226,2mass
161219003601161,2M05462118-7452145,05462118-7452145,2mass
160916003301371,2M01203649+1115080,01203649+1115080,2mass
180126002101274,2M06260745-0351021,06260745-0351021,2mass
170220002101101,2M05593333-6701136,05593333-6701136,2mass
171230002101281,2M04564577-6653274,04564577-6653274,2mass
170115002701290,2M06525415-6032106,06525415-6032106,2mass
161228002501009,2M08295500+1648145,08295500+1648145,2mass
160531005101283,2M22001451-1134306,22001451-1134306,2mass
170115002701283,2M06530971-6104457,06530971-6104457,2mass
160401003401185,2M12501646-0211583,12501646-0211583,2mass
170112002601131,2M06383196-6025293,06383196-6025293,2mass
150831004001252,2M22314368-1651276,22314368-1651276,2mass
161219003601145,2M05443782-7511344,05443782-7511344,2mass
161217004601073,2M06471521-5835507,06471521-5835507,2mass
161213003601215,2M04534726-6140470,04534726-6140470,2mass
200513002101398,2M07563630-0532554,07563630-0532554,2mass
191107003101244,2M04300307+2515197,04300307+2515197,2mass
151111002601372,2M03324622+1901580,03324622+1901580,2mass
151111002601293,2M03290433+1917019,03290433+1917019,2mass
170603007701301,2M22101948-1024027,22101948-1024027,2mass
170115004701228,2M06361898-6728345,06361898-6728345,2mass
170107004801034,2M07243776-7508026,07243776-7508026,2mass
160331002201323,2M09060464+2008484,09060464+2008484,2mass
170112003101060,2M07124124-7232377,07124124-7232377,2mass
151008002101146,2M19295382-2813599,19295382-2813599,2mass
171031003301315,2M06153814-1838576,06153814-1838576,2mass
150603004801294,2M22262832-1030162,22262832-1030162,2mass
170115002701264,2M06500549-6023448,06500549-6023448,2mass
161217003601147,2M04575729-6608387,04575729-6608387,2mass
160531004601062,2M19214381-2911365,19214381-2911365,2mass
171031003301108,2M06150856-1915592,06150856-1915592,2mass
170114002601373,2M05424558-5844509,05424558-5844509,2mass
221225002701029,2M06282266+0544522,06282266+0544522,2mass
170109003801255,2M07152481-6727084,07152481-6727084,2mass
200529001801170,2M12035757-0035018,12035757-0035018,2mass
161217001601288,2M04152123-6827542,04152123-6827542,2mass
160401005401214,2M17200757-2354044,17200757-2354044,2mass
200824001301293,2M23130272-0010001,23130272-0010001,2mass
170108003301390,2M07373773-6322362,07373773-6322362,2mass
161217005601237,2M07393898-6201256,07393898-6201256,2mass
210125002201064,2M07260944-2629166,07260944-2629166,2mass
210920001601315,2M18502024-3029428,18502024-3029428,2mass
200529001801024,2M12083487-0029123,12083487-0029123,2mass
170112001601005,2M05123267-6402168,05123267-6402168,2mass
170107002101189,2M04570471-7255080,04570471-7255080,2mass
230801001601226,2M17403522-5339428,17403522-5339428,2mass
170114003601227,2M06514807-5838157,06514807-5838157,2mass
210711004401372,2M23264685-0848585,23264685-0848585,2mass
170115002701149,2M06480327-6149207,06480327-6149207,2mass
131217004401382,2M08514234+1150076,08514234+1150076,2mass
160813005101331,2M06570378-2928536,06570378-2928536,2mass
220714004901072,2M23350034-0812496,23350034-0812496,2mass
171230003601090,2M05420780-5530028,05420780-5530028,2mass
170111001601017,2M07291998-6628305,07291998-6628305,2mass
160531004601303,2M19202690-2806009,19202690-2806009,2mass
230801001601081,2M17404221-5341230,17404221-5341230,2mass
170107002601014,2M05515242-7634549,05515242-7634549,2mass
170603007701102,2M22101013-1122315,22101013-1122315,2mass
151219002601242,2M04123663-6311302,04123663-6311302,2mass
170116001601344,2M06393834-6122170,06393834-6122170,2mass
171227002601264,2M05112232-7026032,05112232-7026032,2mass
180101003101272,2M05241157-5857110,05241157-5857110,2mass
160813005101336,2M06554509-3004097,06554509-3004097,2mass
170830002801339,2M19165670-1612265,19165670-1612265,2mass
170107003601176,2M07334401-7124359,07334401-7124359,2mass
161217003601342,2M05035973-6525384,05035973-6525384,2mass
161217006101243,2M07350343-6837377,07350343-6837377,2mass
170910006101015,2M04480776-6528009,04480776-6528009,2mass
170911001601131,2M18350233-3418251,18350233-3418251,2mass
170108001601084,2M04494844-5816041,04494844-5816041,2mass
170107003601322,2M07420708-7039369,07420708-7039369,2mass
151109003601381,2M06482252-2537523,06482252-2537523,2mass
180101003101005,2M05320022-5934505,05320022-5934505,2mass
140707000601004,2M16024649-1957562,16024649-1957562,2mass
210711004401058,2M23255918-0939259,23255918-0939259,2mass
210916001601119,2M18051689-4730052,18051689-4730052,2mass
161217006101249,2M07363494-6838479,07363494-6838479,2mass
140117001501290,2M06025493+0809143,06025493+0809143,2mass
170116001601147,2M06294305-6238504,06294305-6238504,2mass
171205004601202,2M06045887-5841057,06045887-5841057,2mass
170115002201245,2M05022543-6920035,05022543-6920035,2mass
140111002101108,2M06423266-0118576,06423266-0118576,2mass
161228002501226,2M08245588+1715005,08245588+1715005,2mass
170219001601066,2M04560469+1748209,04560469+1748209,2mass
161217004601091,2M06455344-5851005,06455344-5851005,2mass
160330001601373,2M07354209+0417276,07354209+0417276,2mass
200810001501371,2M23422365-0927455,23422365-0927455,2mass
170115002701035,2M06553522-6116536,06553522-6116536,2mass
170116001601333,2M06382528-6121117,06382528-6121117,2mass
170114002601257,2M05365853-5813399,05365853-5813399,2mass
170130003601295,2M06202575-6033158,06202575-6033158,2mass
200803004801261,2M23272856-0029028,23272856-0029028,2mass
170130003601023,2M06241087-6110284,06241087-6110284,2mass
220217001801169,2M08111499-2018162,08111499-2018162,2mass
200810001501375,2M23440949-0919422,23440949-0919422,2mass
150428001101018,2M13531439-1147506,13531439-1147506,2mass
230204001601270,2M06392620+0016316,06392620+0016316,2mass
170514002401360,2M17595661-4831444,17595661-4831444,2mass
170115002201377,2M05120151-6907069,05120151-6907069,2mass
200529003801065,2M12411860-0206358,12411860-0206358,2mass
171227002601007,2M05254235-7109281,05254235-7109281,2mass
161213006101297,2M07542002-6405288,07542002-6405288,2mass
170115004701178,2M06371428-6746161,06371428-6746161,2mass
170220002101382,2M06082383-6618465,06082383-6618465,2mass
161213004601149,2M06221969-7004247,06221969-7004247,2mass
161219002601122,2M04432988-7200131,04432988-7200131,2mass
171031003301307,2M06154994-1812168,06154994-1812168,2mass
171228002101343,2M05420934-6612535,05420934-6612535,2mass
170114003101045,2M06305236-6405005,06305236-6405005,2mass
200528001101026,2M13272637-1352322,13272637-1352322,2mass
161008003501201,2M00474249+0554573,00474249+0554573,2mass
151009002101270,2M19222281-2204400,19222281-2204400,2mass
170115003201047,2M06551225-7120327,06551225-7120327,2mass
171207003301301,2M06045972-5938193,06045972-5938193,2mass
161106002101290,2M23513172-0312308,23513172-0312308,2mass
161213004601036,2M06382599-6954559,06382599-6954559,2mass
170202000701137,2M06165122-7456196,06165122-7456196,2mass
140707003101148,2M22254845-0741575,22254845-0741575,2mass
170114004701246,2M06503046-6820316,06503046-6820316,2mass
140820003701207,2M04033650+1526104,04033650+1526104,2mass
160531005101034,2M22032894-1248419,22032894-1248419,2mass
170109001601202,2M06343331-7548511,06343331-7548511,2mass
170112001601052,2M05134254-6438169,05134254-6438169,2mass
161213004101193,2M05420034-5643369,05420034-5643369,2mass
180131002101270,2M06450957-5904008,06450957-5904008,2mass
171208003101376,2M06082394-5614422,06082394-5614422,2mass
170111001601032,2M07273604-6638119,07273604-6638119,2mass
161213005101114,2M07124795-5905079,07124795-5905079,2mass
150102002701185,2M08383384+1643023,08383384+1643023,2mass
161217005101299,2M07141631-6326575,07141631-6326575,2mass
170202000201375,2M05133965+2539443,05133965+2539443,2mass
160108002001065,2M03583606+2421408,03583606+2421408,2mass
170114005201147,2M06521438-6534316,06521438-6534316,2mass
160531005101202,2M21594734-1227157,21594734-1227157,2mass
170108003301076,2M07334693-6419387,07334693-6419387,2mass
171230003601149,2M05370483-5523502,05370483-5523502,2mass
171227003101044,2M05225919-5802036,05225919-5802036,2mass
210706002901303,2M22205868-0432156,22205868-0432156,2mass
171205004101123,2M06104584-6845376,06104584-6845376,2mass
151111001601317,2M22380349-0425225,22380349-0425225,2mass
210125003801392,2M14380177-7241574,14380177-7241574,2mass
201202001601123,2M23294565-1214570,23294565-1214570,2mass
170108003901302,2M07303190-7233084,07303190-7233084,2mass
170128001601025,2M05132156-5859289,05132156-5859289,2mass
201003002301345,2M19535178+0343155,19535178+0343155,2mass
161009004801111,2M00554590+0318248,00554590+0318248,2mass
151008001601274,2M19375280-2323063,19375280-2323063,2mass
170128001601167,2M05010577-5900035,05010577-5900035,2mass
161217006101287,2M07414350-6834364,07414350-6834364,2mass
160513001101334,2M12100334-5027413,12100334-5027413,2mass
171205002601025,2M05332350-6440017,05332350-6440017,2mass
150108002201098,2M07272124-6048128,07272124-6048128,2mass
161219004101271,2M05501677-6744137,05501677-6744137,2mass
171031003301318,2M06161120-1809267,06161120-1809267,2mass
170723002601136,2M17320840-2403147,17320840-2403147,2mass
171228003701008,2M07085945-5905029,07085945-5905029,2mass
200803005301396,2M23175551-1047379,23175551-1047379,2mass
150603004801099,2M22263076-1148593,22263076-1148593,2mass
160401002101327,2M08423612+2033147,08423612+2033147,2mass
180101002601393,2M05281689-6607437,05281689-6607437,2mass
171230002101328,2M05014133-6712413,05014133-6712413,2mass
200529001801367,2M12082808+0000435,12082808+0000435,2mass
170115004201352,2M06504573-6305084,06504573-6305084,2mass
161218003101102,2M04364564-6001399,04364564-6001399,2mass
171230003601071,2M05430066-5517576,05430066-5517576,2mass
170116001601380,2M06422235-6141252,06422235-6141252,2mass
230101002301348,2M06354354+0441577,06354354+0441577,2mass
170108003301029,2M07382946-6353321,07382946-6353321,2mass
170115002701281,2M06540012-6054070,06540012-6054070,2mass
161218002601036,2M04434821-6937207,04434821-6937207,2mass
170130003601101,2M06204115-6137467,06204115-6137467,2mass
170510005801258,2M18504755-2749368,18504755-2749368,2mass
161213004101188,2M05431301-5646164,05431301-5646164,2mass
161213002101052,2M04371212-7330456,04371212-7330456,2mass
160513001101303,2M12073162-5043066,12073162-5043066,2mass
160923003701009,2M03363416+2226180,03363416+2226180,2mass
160923003701151,2M03321995+2200410,03321995+2200410,2mass
180101002601201,2M05131952-6613067,05131952-6613067,2mass
161217005101345,2M07193726-6338488,07193726-6338488,2mass
170203001601221,2M04563436+2434456,04563436+2434456,2mass
170108003901369,2M07333400-7254322,07333400-7254322,2mass
170603006601091,2M19082178-3016181,19082178-3016181,2mass
200528000101284,2M12470594-0648542,12470594-0648542,2mass
191106003301249,2M02113362-7323259,02113362-7323259,2mass
171230002101048,2M05053047-6815217,05053047-6815217,2mass
170107002601263,2M05401623-7623101,05401623-7623101,2mass
170130003601028,2M06253554-6117019,06253554-6117019,2mass
161217005601244,2M07404553-6158538,07404553-6158538,2mass
171227002601316,2M05172975-7032109,05172975-7032109,2mass
170114005201043,2M07022919-6532500,07022919-6532500,2mass
170116001601023,2M06405361-6210161,06405361-6210161,2mass
151111003101006,2M03531804+1446527,03531804+1446527,2mass
151109003601011,2M06464531-2554087,06464531-2554087,2mass
171230002101211,2M04542624-6730298,04542624-6730298,2mass
171227004101368,2M05574490-5421521,05574490-5421521,2mass
191106001701319,2M01055873+0545411,01055873+0545411,2mass
161008002001341,2M19595063+0734384,19595063+0734384,2mass
170723001601258,2M14484782-7305205,14484782-7305205,2mass
210916001601151,2M18031900-4728149,18031900-4728149,2mass
170116001601182,2M06274568-6211269,06274568-6211269,2mass
150706001601353,2M13360948-5023420,13360948-5023420,2mass
170107003601287,2M07374071-7030136,07374071-7030136,2mass
170115003701135,2M06465888-5635133,06465888-5635133,2mass
210706002901074,2M22214804-0528041,22214804-0528041,2mass
180131002101365,2M06520410-5941012,06520410-5941012,2mass
171031003301020,2M06183588-1854595,06183588-1854595,2mass
191106002301174,2M01301990-7650306,01301990-7650306,2mass
170114003601277,2M06560804-5814437,06560804-5814437,2mass
151008002101016,2M19335160-2740449,19335160-2740449,2mass
200513002101391,2M07571902-0528551,07571902-0528551,2mass
170122003601315,2M08414881+2315061,08414881+2315061,2mass
170506005901313,2M19121277-2227067,19121277-2227067,2mass
161228002501171,2M08253714+1629561,08253714+1629561,2mass
170603007701339,2M22122560-0958239,22122560-0958239,2mass
161219003601131,2M05471496-7515291,05471496-7515291,2mass
170112001601168,2M05004066-6424346,05004066-6424346,2mass
170112001601368,2M05134752-6339580,05134752-6339580,2mass
161213006101055,2M07574298-6444384,07574298-6444384,2mass
171230002101180,2M04550353-6746025,04550353-6746025,2mass
170219002601347,2M06232298-6541354,06232298-6541354,2mass
171227002601295,2M05153409-7030027,05153409-7030027,2mass
170109001601093,2M06482625-7644085,06482625-7644085,2mass
171230004101264,2M05302717-5614555,05302717-5614555,2mass
170115004201215,2M06421077-6308571,06421077-6308571,2mass
150430001801262,2M13165921-0717290,13165921-0717290,2mass
161217004101120,2M05430340-7109399,05430340-7109399,2mass
171205004101345,2M06195386-6722434,06195386-6722434,2mass
170130003601084,2M06214844-6124412,06214844-6124412,2mass
161213003601108,2M04591220-6237595,04591220-6237595,2mass
161011002201264,2M01000495+1204560,01000495+1204560,2mass
171031003301344,2M06155817-1840264,06155817-1840264,2mass
160106004101173,2M08502647+1054529,08502647+1054529,2mass
151008004001105,2M04225216+1726346,04225216+1726346,2mass
160401003401219,2M12495973-0200250,12495973-0200250,2mass
210706002901282,2M22204514-0441148,22204514-0441148,2mass
171227002601111,2M05145509-7142211,05145509-7142211,2mass
171230002101210,2M04534357-6731541,04534357-6731541,2mass
171205003601003,2M06243420-7631319,06243420-7631319,2mass
161217004601063,2M06470223-5831071,06470223-5831071,2mass
161217003601293,2M05000672-6507344,05000672-6507344,2mass
140707000601029,2M16005473-2009111,16005473-2009111,2mass
170122003601129,2M08390942+2141026,08390942+2141026,2mass
160330001601035,2M07363082+0345421,07363082+0345421,2mass
160108002001260,2M03561018+2520272,03561018+2520272,2mass
170107004201113,2M07360824-6611121,07360824-6611121,2mass
170510005801344,2M18512926-2753124,18512926-2753124,2mass
170115004701017,2M06471026-6751557,06471026-6751557,2mass
160123002101391,2M08334285-2135347,08334285-2135347,2mass
140118002001175,2M06013001+0729175,06013001+0729175,2mass
160531005101227,2M21585419-1212138,21585419-1212138,2mass
200528001101336,2M13272806-1317593,13272806-1317593,2mass
161115003201122,2M04521129-7148341,04521129-7148341,2mass
161218001601182,2M04083089-7114163,04083089-7114163,2mass
171230004601258,2M05263932-5458509,05263932-5458509,2mass
170114002601345,2M05444480-5815444,05444480-5815444,2mass
211214001201006,2M06265308-0402473,06265308-0402473,2mass
170907004601147,2M01112940-6518387,01112940-6518387,2mass
161217005101036,2M07211086-6448365,07211086-6448365,2mass
160923003701013,2M03372832+2222043,03372832+2222043,2mass
161213004601391,2M06405130-6918025,06405130-6918025,2mass
171230004601014,2M05291859-5515227,05291859-5515227,2mass
160108002001379,2M03592726+2513011,03592726+2513011,2mass
150409003101030,2M11481729+0046306,11481729+0046306,2mass
160531004601380,2M19233086-2830530,19233086-2830530,2mass
200528001101231,2M13225530-1316406,13225530-1316406,2mass
150428001101099,2M13505779-1233240,13505779-1233240,2mass
160816001701288,2M16505801-2435450,16505801-2435450,2mass
161217004101025,2M05535887-7038497,05535887-7038497,2mass
150718004401108,2M22151493-1749534,22151493-1749534,2mass
170114003101353,2M06322552-6340320,06322552-6340320,2mass
170112002101071,2M06005849-6322269,06005849-6322269,2mass
170113002101034,2M05051196-5700499,05051196-5700499,2mass
150428001101289,2M13503287-1054178,13503287-1054178,2mass
160403003601307,2M12351267-0916540,12351267-0916540,2mass
150412002601045,2M11285947+0406168,11285947+0406168,2mass
151111002101032,2M01202263+0022199,01202263+0022199,2mass
170109001601391,2M06583895-7545316,06583895-7545316,2mass
161217002601095,2M04263569-6118123,04263569-6118123,2mass
151009004601242,2M04051699+1340131,04051699+1340131,2mass
170115003201025,2M06562014-7103297,06562014-7103297,2mass
160923003701057,2M03361786+2200598,03361786+2200598,2mass
140413004901132,2M16340994-3024084,16340994-3024084,2mass
180101002601204,2M05133908-6612413,05133908-6612413,2mass
230205002101335,2M07324364-1926561,07324364-1926561,2mass
170109001601079,2M06512192-7637543,06512192-7637543,2mass
170112001601361,2M05111343-6346000,05111343-6346000,2mass
170510006801303,2M18585641-2405434,18585641-2405434,2mass
170114005201237,2M06504482-6436372,06504482-6436372,2mass
151009002101271,2M19222838-2201461,19222838-2201461,2mass
170116001601318,2M06372453-6108480,06372453-6108480,2mass
170514001601309,2M10473752-4600229,10473752-4600229,2mass
171230002101068,2M05014417-6805036,05014417-6805036,2mass
161219003101084,2M04543964-6007021,04543964-6007021,2mass
131217004401002,2M08514507+1147459,08514507+1147459,2mass
170219002101144,2M05550609-7312087,05550609-7312087,2mass
151008004001010,2M04251959+1818550,04251959+1818550,2mass
161217004601188,2M06374714-5810001,06374714-5810001,2mass
161217006101003,2M07474151-6916104,07474151-6916104,2mass
171207003301225,2M06023483-6027502,06023483-6027502,2mass
160106001601384,2M03480718+2408315,03480718+2408315,2mass
200528000101305,2M12480322-0732565,12480322-0732565,2mass
160330001601384,2M07365843+0417122,07365843+0417122,2mass
171230004601393,2M05332876-5509464,05332876-5509464,2mass
140118002001209,2M06004843+0744463,06004843+0744463,2mass
170115002701353,2M06592252-6030396,06592252-6030396,2mass
161217004601170,2M06400116-5822129,06400116-5822129,2mass
151008002101192,2M19285371-2745371,19285371-2745371,2mass
160123001601303,2M07195737-3833256,07195737-3833256,2mass
161009004301222,2M00493540+1001123,00493540+1001123,2mass
170509005201232,2M17152745-1804075,17152745-1804075,2mass
151111002101184,2M01161987+0027559,01161987+0027559,2mass
210706002901165,2M22183782-0512502,22183782-0512502,2mass
151008002101152,2M19292640-2813571,19292640-2813571,2mass
170115003201265,2M06421012-6959156,06421012-6959156,2mass
200529003801140,2M12383201-0213281,12383201-0213281,2mass
171208002601072,2M05135044-7616035,05135044-7616035,2mass
151109003601125,2M06444457-2606257,06444457-2606257,2mass
160923004201018,2M03374316+1555187,03374316+1555187,2mass
151109003601181,2M06433447-2557231,06433447-2557231,2mass
161218002101383,2M04453828-6709522,04453828-6709522,2mass
210116003001075,2M10440766+0557557,10440766+0557557,2mass
221104003101283,2M06503735-2307543,06503735-2307543,2mass
161218003101078,2M04392678-5954186,04392678-5954186,2mass
170115004701140,2M06363100-6804086,06363100-6804086,2mass
210920001601237,2M18480181-3051358,18480181-3051358,2mass
161218002101220,2M04313201-6708277,04313201-6708277,2mass
171031003301028,2M06182093-1859376,06182093-1859376,2mass
140609002101282,2M15583554-2152422,15583554-2152422,2mass
161219002601032,2M04573855-7141340,04573855-7141340,2mass
151008001601301,2M19390788-2304047,19390788-2304047,2mass
170806001601123,2M15503469-6926425,15503469-6926425,2mass
160106004101326,2M08530060+1141001,08530060+1141001,2mass
170615004901163,2M19054441-3623436,19054441-3623436,2mass
200824001301240,2M23101739+0002386,23101739+0002386,2mass
150411003601197,2M11215747+0151501,11215747+0151501,2mass
171206005101120,2M06072270-5514261,06072270-5514261,2mass
161009004801019,2M00581142+0325128,00581142+0325128,2mass
180126002101106,2M06265246-0443453,06265246-0443453,2mass
151111002601175,2M03271560+1828369,03271560+1828369,2mass
221224002601284,2M06552865-0117257,06552865-0117257,2mass
160923003701130,2M03335746+2214597,03335746+2214597,2mass
170108003901214,2M07193368-7254227,07193368-7254227,2mass
150412005101013,2M16271569-2235097,16271569-2235097,2mass
131216001601257,2M06413435-0021096,06413435-0021096,2mass
160106001601058,2M03483451+2326053,03483451+2326053,2mass
170114005801389,2M06591602-7317173,06591602-7317173,2mass
210123002701208,2M07111904-2753306,07111904-2753306,2mass
161213006101214,2M07500331-6412392,07500331-6412392,2mass
171228003201015,2M05342598-6122023,05342598-6122023,2mass
170115005201209,2M06352770-6542587,06352770-6542587,2mass
150409006601020,2M14032614-1458061,14032614-1458061,2mass
161217001601214,2M04082359-6850468,04082359-6850468,2mass
161213004601210,2M06190513-6916066,06190513-6916066,2mass
170108003301019,2M07375226-6343237,07375226-6343237,2mass
131216001601078,2M06434502-0119209,06434502-0119209,2mass
160813005101339,2M06565816-2942211,06565816-2942211,2mass
170102001901111,2M08275640+1847532,08275640+1847532,2mass
151110001601246,2M22485310-1314133,22485310-1314133,2mass
161106002101088,2M23521382-0422452,23521382-0422452,2mass
170114003601280,2M06561954-5811196,06561954-5811196,2mass
150409004101307,2M11505362+0646040,11505362+0646040,2mass
170115002701265,2M06524743-6107484,06524743-6107484,2mass
170107002101058,2M05095493-7333323,05095493-7333323,2mass
201202001601340,2M23315299-1109170,23315299-1109170,2mass
170103002801084,2M08291512+2201214,08291512+2201214,2mass
160330001601340,2M07360381+0444220,07360381+0444220,2mass
151111002601307,2M03293485+1904128,03293485+1904128,2mass
200803004801283,2M23281237-0011489,23281237-0011489,2mass
160923003701316,2M03350732+2255453,03350732+2255453,2mass
201204003101275,2M07012785-2113250,07012785-2113250,2mass
170202000701002,2M06324790-7417508,06324790-7417508,2mass
170107002101096,2M05025637-7338471,05025637-7338471,2mass
160923003701298,2M03342912+2256502,03342912+2256502,2mass
160531003601243,2M17194384-2337190,17194384-2337190,2mass
170203001901174,2M06063866-6314126,06063866-6314126,2mass
170115004701079,2M06425537-6834580,06425537-6834580,2mass
170115003201268,2M06422116-6955438,06422116-6955438,2mass
160519006001039,2M18103772-4312299,18103772-4312299,2mass
160813005101318,2M06553493-2949552,06553493-2949552,2mass
140610004401281,2M15585742-2204456,15585742-2204456,2mass
200810001501102,2M23402562-1022288,23402562-1022288,2mass
170219002101122,2M05595585-7255265,05595585-7255265,2mass
220122001601273,2M06154280+0008409,06154280+0008409,2mass
170116001601145,2M06311411-6229465,06311411-6229465,2mass
171207003301264,2M06032357-6014184,06032357-6014184,2mass
170116001601191,2M06282242-6202130,06282242-6202130,2mass
140118002501149,2M06410199-0006260,06410199-0006260,2mass
171207003301083,2M06062575-6105402,06062575-6105402,2mass
161213003601197,2M04530444-6153309,04530444-6153309,2mass
150409005101264,2M11333207-0115268,11333207-0115268,2mass
131216001601232,2M06403755-0030516,06403755-0030516,2mass
170130001601352,2M04505033+1455566,04505033+1455566,2mass
161213006101229,2M07472559-6355423,07472559-6355423,2mass
170107002601204,2M05301037-7620215,05301037-7620215,2mass
170107004801332,2M07143948-7423011,07143948-7423011,2mass
170115004201292,2M06470017-6222167,06470017-6222167,2mass
151008004001263,2M04224721+1827556,04224721+1827556,2mass
170116001601340,2M06383663-6127122,06383663-6127122,2mass
160130006301066,2M12295031-5047409,12295031-5047409,2mass
170510004301284,2M17183872-2018204,17183872-2018204,2mass
140811005001346,2M00143491-7232135,00143491-7232135,2mass
170111001601308,2M07212727-6514129,07212727-6514129,2mass
151111002601375,2M03304741+1848070,03304741+1848070,2mass
170506006401399,2M19165300-1702256,19165300-1702256,2mass
170114003101265,2M06290836-6352257,06290836-6352257,2mass
221104003101282,2M06505349-2322016,06505349-2322016,2mass
170103002801120,2M08275402+2155547,08275402+2155547,2mass
161217003601123,2M04581553-6627106,04581553-6627106,2mass
161219003101088,2M04545219-6027354,04545219-6027354,2mass
161218002101393,2M04443184-6715209,04443184-6715209,2mass
151008004001099,2M04231000+1739066,04231000+1739066,2mass
171227002601231,2M05074845-7043072,05074845-7043072,2mass
170219002601234,2M06125937-6546129,06125937-6546129,2mass
210706002901382,2M22212410-0449506,22212410-0449506,2mass
160916003301290,2M01170462+1138421,01170462+1138421,2mass
161228002501239,2M08260867+1716567,08260867+1716567,2mass
170713001601121,2M14160028-4923256,14160028-4923256,2mass
160816001701094,2M16515185-2615238,16515185-2615238,2mass
160112001601387,2M08194319+1657306,08194319+1657306,2mass
171227004601384,2M06021681-5821358,06021681-5821358,2mass
160923004201316,2M03354474+1701166,03354474+1701166,2mass
170115002701339,2M06573758-6029043,06573758-6029043,2mass
150429001601247,2M13520306-0843314,13520306-0843314,2mass
170111001601186,2M07103340-6624375,07103340-6624375,2mass
150411005601271,2M16352236-2128287,16352236-2128287,2mass
140710006101102,2M22173394-1313011,22173394-1313011,2mass
161218002601043,2M04481662-6957124,04481662-6957124,2mass
170202001201264,2M06193571-5411217,06193571-5411217,2mass
170116001601229,2M06321032-6145505,06321032-6145505,2mass
170114003101305,2M06294765-6333056,06294765-6333056,2mass
151008003501218,2M01240952+0232269,01240952+0232269,2mass
170114003101328,2M06315922-6322026,06315922-6322026,2mass
151008002101144,2M19294780-2817212,19294780-2817212,2mass
160108002001134,2M03551361+2426385,03551361+2426385,2mass
170109001601137,2M06381494-7635072,06381494-7635072,2mass
171031003301062,2M06174153-1926510,06174153-1926510,2mass
191107003601384,2M04322217+1853595,04322217+1853595,2mass
161219005101041,2M07464829-6735372,07464829-6735372,2mass
170131001801304,2M05024943+2217174,05024943+2217174,2mass
210920001601238,2M18461702-3035034,18461702-3035034,2mass
151225001601096,2M06291701-3200270,06291701-3200270,2mass
161009004801007,2M00582372+0330501,00582372+0330501,2mass
150409004101066,2M11522314+0552387,11522314+0552387,2mass
161217006101026,2M07505956-6933188,07505956-6933188,2mass
170103002801216,2M08260463+2243065,08260463+2243065,2mass
140117002101140,2M06411589-0011239,06411589-0011239,2mass
170510006801342,2M19015242-2339279,19015242-2339279,2mass
160106004101313,2M08521856+1144263,08521856+1144263,2mass
170116001601144,2M06312696-6231196,06312696-6231196,2mass
200513002101356,2M07573338-0501511,07573338-0501511,2mass
200824001301143,2M23110714-0106111,23110714-0106111,2mass
210116003001192,2M10392757+0645162,10392757+0645162,2mass
161219004101002,2M06043648-6829218,06043648-6829218,2mass
200528000101097,2M12480564-0837157,12480564-0837157,2mass
160330001601324,2M07344566+0427068,07344566+0427068,2mass
140710006101178,2M22134883-1313080,22134883-1313080,2mass
161213004601119,2M06260875-7021587,06260875-7021587,2mass
150409004101008,2M11514863+0632311,11514863+0632311,2mass
180101002601388,2M05294640-6602301,05294640-6602301,2mass
170116001601294,2M06345584-6104255,06345584-6104255,2mass
161217006101365,2M07520229-6847212,07520229-6847212,2mass
170202000201391,2M05113970+2512203,05113970+2512203,2mass
161218003101003,2M04430041-5904490,04430041-5904490,2mass
160330001601393,2M07345353+0409340,07345353+0409340,2mass
170113003301378,2M06322687-5850446,06322687-5850446,2mass
160123001601264,2M07193328-3901242,07193328-3901242,2mass
161213004101338,2M05513141-5600414,05513141-5600414,2mass
170130003101236,2M06262639-5647309,06262639-5647309,2mass
160111002101079,2M03405540+1921403,03405540+1921403,2mass
170517001801028,2M12054520-4955357,12054520-4955357,2mass
170130003601020,2M06271338-6115127,06271338-6115127,2mass
170131001801254,2M05011671+2209203,05011671+2209203,2mass
151223001301046,2M06255720-6145588,06255720-6145588,2mass
170114003101334,2M06323218-6324126,06323218-6324126,2mass
200824001301045,2M23155174-0105599,23155174-0105599,2mass
171206004601248,2M06013304-6945289,06013304-6945289,2mass
170112003101343,2M07141944-7117255,07141944-7117255,2mass
220622003601352,2M21351800+0034129,21351800+0034129,2mass
150430002801274,2M13142796-1312000,13142796-1312000,2mass
140314005201178,2M13223104-4743124,13223104-4743124,2mass
170107004201333,2M07415050-6437580,07415050-6437580,2mass
151111002601324,2M03304363+1927047,03304363+1927047,2mass
200529003801318,2M12412373-0042596,12412373-0042596,2mass
161217004601145,2M06413003-5835149,06413003-5835149,2mass
150409007101348,2M14063158-0828172,14063158-0828172,2mass
161213006101106,2M07541615-6447439,07541615-6447439,2mass
170202001201133,2M06192649-5537236,06192649-5537236,2mass
180126002101329,2M06282898-0337457,06282898-0337457,2mass
151225001601377,2M06314707-3117187,06314707-3117187,2mass
160106001601095,2M03463767+2347159,03463767+2347159,2mass
171102004501352,2M04445759+0611282,04445759+0611282,2mass
161218002601068,2M04450530-7013025,04450530-7013025,2mass
161217006101045,2M07475151-6936243,07475151-6936243,2mass
170911001601171,2M18324804-3408206,18324804-3408206,2mass
161218002601351,2M04444283-6853509,04444283-6853509,2mass
170130003601114,2M06195529-6136432,06195529-6136432,2mass
200824001301129,2M23114953-0108592,23114953-0108592,2mass
151008001601323,2M19395853-2324380,19395853-2324380,2mass
170115003701156,2M06435807-5640371,06435807-5640371,2mass
151008002101207,2M19300573-2733146,19300573-2733146,2mass
171230002101291,2M04580912-6659260,04580912-6659260,2mass
170202000701009,2M06342283-7425210,06342283-7425210,2mass
200513002101296,2M07544369-0452351,07544369-0452351,2mass
161213004101219,2M05452825-5628430,05452825-5628430,2mass
170115004701235,2M06344643-6722465,06344643-6722465,2mass
161008004001035,2M00553346-0044134,00553346-0044134,2mass
200824001301282,2M23121917+0018348,23121917+0018348,2mass
170509003701242,2M17075107-2412177,17075107-2412177,2mass
150603004801088,2M22270707-1145075,22270707-1145075,2mass
200824001301220,2M23094606-0011282,23094606-0011282,2mass
150430002801131,2M13133713-1346236,13133713-1346236,2mass
180126002101251,2M06241756-0337001,06241756-0337001,2mass
200810001501394,2M23441332-0936357,23441332-0936357,2mass
161218002101119,2M04352127-6813450,04352127-6813450,2mass
160531005101382,2M22045282-1213170,22045282-1213170,2mass
161217002601011,2M04330336-6038185,04330336-6038185,2mass
200810001501363,2M23415372-0927488,23415372-0927488,2mass
170108003301021,2M07365941-6343307,07365941-6343307,2mass
161228002501194,2M08260029+1648197,08260029+1648197,2mass
171207003301192,2M05565886-6040583,05565886-6040583,2mass
161213005101090,2M07153025-5902287,07153025-5902287,2mass
140707000601133,2M15574551-2031515,15574551-2031515,2mass
